
-- Tabela Status
INSERT INTO tb_status
    (sg_status, nm_status)
VALUES
    ('A', 'Vencida'),
    ('B', 'Prestes a Vencer'),
    ('C', 'Estado Padrão');

INSERT INTO tb_medida
    (sg_medida,nm_medida)
VALUES
    ('T', 'Tempo'),
    ('Km', 'Quilometros');

INSERT INTO tb_tipo_plano
    (cd_tipo_plano, nm_tipo_plano)
VALUES
    (1, 'Plano Fisico'),
    (2, 'Plano Juridico');

INSERT INTO tb_categoria
    (cd_categoria, nm_categoria)
VALUES
    (1, 'SUVs'),
    (2, 'Picapes'),
    (3, 'Esportivos'),
    (4, 'Elétricos');

INSERT INTO tb_marca
    (cd_marca,nm_marca)
VALUES
    (1, 'CHEVROLET');

INSERT INTO tb_tipo_modelo
    (cd_tipo_modelo, nm_tipo_modelo)
VALUES
    (1, 'LT 1.0'),
    (2, 'LT 1.0'),
    (3, 'LT 1.4'),
    (4, 'Advantage'),
    (5, 'LTZ 1.4'),
    (6, 'Effect');
    

-- INSERT da tabela Tipo De Peca (Categoria da peça)
INSERT INTO tb_tipo_peca
    (cd_tipo_peca, nm_tipo_peca)
VALUES
    (1, 'Acabamentos externos'),
    (2, 'Acabamentos internos'),
    (3, 'Acessórios'),
    (4, 'Alimentação de combustível'),
    (5, 'Amortecedores'),
    (6, 'Ar condicionado'),
    (7, 'Arrefecimento/Resfr. do motor'),
    (8, 'Bancos'),
    (9, 'Borrachas (guarnições)'),
    (10, 'Cabos'),
    (11, 'Calotas'),
    (12, 'Elétrico'),
    (13, 'Emblemas'),
    (14, 'letreiros e faixas'),
    (15, 'Embreagem e câmbio'),
    (16, 'Escapamentos'),
    (17, 'Ferramentas'),
    (18, 'Filtros'),
    (19, 'Freio'),
    (20, 'Frisos'),
    (21, 'Grampos, presilhas, buchas etc'),
    (22, 'Higiene e limpeza'),
    (23, 'Ignição'),
    (24, 'Itens de segurança'),
    (25, 'Latarias'),
    (26, 'Maçanetas, fechaduras etc'),
    (27, 'Motor'),
    (28, 'Painel'),
    (29, 'Pára-choques'),
    (30, 'Parafusos, porcas e arruelas'),
    (31, 'Pneus e rodas'),
    (32, 'Produtos para funilaria'),
    (33, 'Retrovisores'),
    (34, 'Revestimentos'),
    (35, 'Som'),
    (36, 'Suspensão'),
    (37, 'Tapetes'),
    (38, 'Vidros');

Insert Into tb_uf
    (sg_uf,nm_uf)
Values
    ('AC', 'Acre'),
    ('AL', 'Alagoas'),
    ('AM', 'Amazonas'),
    ('AP', 'Amapá'),
    ('BA', 'Bahia'),
    ('CE', 'Ceará'),
    ('DF', 'Distrito Federal'),
    ('ES', 'Espírito Santo'),
    ('GO', 'Goiás'),
    ('MA', 'Maranhão'),
    ('MG', 'Minas Gerais'),
    ('MS', 'Mato Grosso do Sul'),
    ('MT', 'Mato Grosso'),
    ('PA', 'Pará'),
    ('PB', 'Paraíba'),
    ('PE', 'Pernambuco'),
    ('PI', 'Piauí'),
    ('PR', 'Paraná'),
    ('RJ', 'Rio de Janeiro'),
    ('RN', 'Rio Grande do Norte'),
    ('RO', 'Rondônia'),
    ('RR', 'Roraima'),
    ('RS', 'Rio Grande do Sul'),
    ('SC', 'Santa Catarina'),
    ('SE', 'Sergipe'),
    ('SP', 'São Paulo'),
    ('TO', 'Tocantins');


INSERT INTO tb_tipo_usuario
    (cd_tipo_usuario, nm_tipo_usuario)
VALUES
    (1, 'Fisico'),
    (2, 'Juridico');


INSERT INTO tb_tipo_anuncio
    (cd_tipo_anuncio, nm_tipo_anuncio, vl_anuncio)
VALUES
    (1, 'Serviço', 10.00),
    (2, 'Produto', 1.00);

INSERT INTO tb_plano
    (cd_plano, nm_plano, ds_plano, cd_tipo_plano, qt_anuncio, qt_veiculo)
VALUES
    (1 , 'Basic', 'Plano Gratuito', 1, null, 2),
    (2 , 'Standart', 'Plano de R$9,99', 1, null, 5),
    (3 , 'Pro', 'Plano de R$39,99', 1, null, 20),
    (4 , 'Deluxe Edition', 'Plano de R$99,90', 1 , null, 50),
    (5 , 'Plano Juridico', 'Personalizavel', 2, null, null);

INSERT INTO tb_usuario(cd_usuario,nm_email,cd_senha,cd_plano,cd_tipo_usuario) VALUES 
(1,'marinalunasales__marinalunasales@acritica.com.br','2Nq1duhP3l',2,1),
(2,'josemariodamata-90@tivit.com.br','UjzE7GqhEI',1,1),
(3,'robertodiogonogueira_@projetti.com','5Yu7kjnCAC',4,1),
(4,'calebdanielnascimento__calebdanielnascimento@outllok.com','Gbb85gJOWX',3,1),
(5,'fabianaaparecidaluanarodrigues_@castromobile.com.br','u7HcXDNmkr',1,1),
(6,'teresinhaclaudiaisabellydarocha__teresinhaclaudiaisabellydarocha@fk1.com.br','rcMsdwpHqd',3,1),
(7,'oliviavitoriaclaudiadacunha_@vhbadvogados.com.br','G8jxSQuEjP',4,1),
(8,'alinejuliaraimundadasilva__alinejuliaraimundadasilva@teadit.com.br','CFT71YKnnN',2,1),
(9,'isabellystellamelo_@ufscar.br','FYyfeXNQWG',2,1),
(10,'daianejulianaduarte__daianejulianaduarte@moyageorges.com.br','W30GuPZpCa',1,1),
(11,'rafaelamarlenecarvalho_@afujita.com.br','RK8wGilM81',4,1),
(12,'thalespietromanuelcampos__thalespietromanuelcampos@aedu.com','XNuIpNMT6c',2,1),
(13,'marioricardoalves__marioricardoalves@vivalle.com.br','6QbhS1dbOL',1,1),
(14,'cauaedsonbrito..cauaedsonbrito@gmeil.com','gckUjHiZTH',4,1),
(15,'renanbentooliveira_@corpoclinica.com.br','5AtC6c1374',2,1),
(16,'lucianacarlaalmeida__lucianacarlaalmeida@tuenkers.com.br','q8scbsaszg',3,1),
(17,'davivitordiegodaluz_@regler.com.br','h9uY1pSEyz',1,1),
(18,'otaviofranciscodiegodepaula..otaviofranciscodiegodepaula@clickfios.com.br','bSqr4yo28j',2,1),
(19,'bbernardoluizrodrigocortereal@grupomegavale.com.br','b1X4f0qEbw',3,1),
(20,'marcelocalebethalesnascimento..marcelocalebethalesnascimento@yahoo.com,br','lPGE4ZEBic',4,1),
(21,'oliverbrenofarias..oliverbrenofarias@cpfl.com.br','xGKSdOsIcO',1,1),
(22,'carlosdiegopinto__carlosdiegopinto@viamoc.com.br','dO4iykOm44',2,1),
(23,'mmayacarladacruz@senioraereo.com.br','RT62gg64ql',4,1),
(24,'ddeboramanuelalima@eximiart.com.br','01rYoK96ca',1,1),
(25,'manuelbenjaminnascimento_@policiamilitar.sp.gov.br','qXRrhGzqGM',1,1),
(26,'brenoluisdacosta_@valeguinchos.com.br','jyms58GrFu',2,1),
(27,'rodrigojorgemanoelfigueiredo_@vizzacchi.com.br','eGdUTh18nB',3,1),
(28,'ddiogoleandrofogaca@greenbikeshop.com.br','6zaAxehGiU',4,1),
(29,'lluizleonardokevindamota@bighost.com.br','Kk9ZGW1m5G',2,1),
(30,'priscilarafaelamariafernandes_@thacconstrutora.com.br','qsMgB8slSq',1,1),
(31,'bbrendalunacampos@rabelloadvogados.com.br','XpcowNbfDt',5,2),
(32,'arthurdiogomendes..arthurdiogomendes@archosolutions.com.br','6Hl6S3c3ze',5,2),
(33,'cristianeelainepires_@megamega.com.br','utZaEfD2gQ',5,2),
(34,'thaleshenrygomes..thaleshenrygomes@igui.com.br','AWDOXtDFLb',5,2),
(35,'jjoaoedsonnogueira@autvale.com','pz6JF8p7n2',5,2),
(36,'vviniciusluisrocha@gabrielresende.com','nSApXOnONA',5,2),
(37,'fatimagiovanaamandadias_@fclar.net.br','KNsM8XDWU5',5,2),
(38,'carolineamandasophiacaldeira_@raya3.com.br','tk71W3fdF2',5,2),
(39,'eloalorenasales-95@rafaelmarin.net','slNd0E4FuE',5,2),
(40,'stefanyninaassis__stefanyninaassis@ceviu.com.br','5FTEzxPbwJ',5,2),
(41,'aaugustoheitorpires@ctlive.com.br','qmKxSPsiQM',5,2),
(42,'beneditoandersongustavoramos-71@hp.com','RtUxwbKROO',5,2),
(43,'evelynmarlicosta__evelynmarlicosta@ceviu.com.br','yIuen3hY6p',5,2),
(44,'tiagobenjaminbarros..tiagobenjaminbarros@lbrazil.com.br','5D2U7rgXWW',5,2),
(45,'reginasandramalucosta_@kantoferramentaria.com.br','c8R7nLImTd',5,2),
(46,'isabelantonellamilenaduarte__isabelantonellamilenaduarte@pig.com.br','bCIyfzmZ7j',5,2),
(47,'marianenataliahelenamartins__marianenataliahelenamartins@tce.sp.gov.br','LIwZb9u0Wh',5,2),
(48,'nataliagiovanaaliciasouza-77@abdalathomaz.adv.br','9BYI6bM7Xc',5,2),
(49,'ccaiojuancastro@kimmay.com.br','Fo3CafJLIn',5,2),
(50,'elaineauroraoliveira..elaineauroraoliveira@moppe.com.br','Hm2p8gA4yW',5,2),
(51,'jjoaokevinalmada@atrix.com.br','3KwmGeIpLt',5,2),
(52,'robertoluisenzobrito..robertoluisenzobrito@lanchesdahora.com.br','SzjezZ90yI',5,2),
(53,'camilabrendamartins_@arablock.com.br','HhxMQIQxCg',5,2),
(54,'calebbryanluisrodrigues_@netsinf.com.br','8ndh18EDGr',5,2),
(55,'emilyreginapires-92@eternalam.com.br','qmiraZmlgf',5,2),
(56,'iisadorateresinhasophiafigueiredo@elevaconsultancy.com.br','WLEZGq27ub',5,2),
(57,'elzaclaricedasneves__elzaclaricedasneves@owl-ti.com.br','tQqLmsrU7S',5,2),
(58,'analusophiacastro_@azevedoalves.com.br','QZ13p1dfHy',5,2),
(59,'anthonyianfarias__anthonyianfarias@sigtechbr.com','HL2GpLGO19',5,2),
(60,'silvanaelisadapaz..silvanaelisadapaz@rjnet.com.br','8pxqA4BGsX',5,2);

INSERT INTO tb_usuario_fisico
    (cd_usuario_fisico,nm_usuario_fisico,cd_cpf,cd_usuario) 
VALUES 
(1,'Marina Luna Sales','85920671033',1),
(2,'José Mario da Mata','50191732664',2),
(3,'Roberto Diogo Nogueira','67028644421',3),
(4,'Caleb Daniel Nascimento','87840138268',4),
(5,'Fabiana Aparecida Luana Rodrigues','62649725419',5),
(6,'Teresinha Cláudia Isabelly da Rocha','86005969714',6),
(7,'Olivia Vitória Cláudia da Cunha','77636972530',7),
(8,'Aline Julia Raimunda da Silva','61970272082',8),
(9,'Isabelly Stella Melo','00415779812',9),
(10,'Daiane Juliana Duarte','04784297030',10),
(11,'Rafaela Marlene Carvalho','98495804298',11),
(12,'Thales Pietro Manuel Campos','29744067268',12),
(13,'Mario Ricardo Alves','60504913727',13),
(14,'Caué Edson Brito','63815281504',14),
(15,'Renan Bento Oliveira','96197895048',15),
(16,'Luciana Carla Almeida','71749921103',16),
(17,'Davi Vitor Diego da Luz','98889921552',17),
(18,'Otávio Francisco Diego de Paula','13251991922',18),
(19,'Bernardo Luiz Rodrigo Corte Real','58464755074',19),
(20,'Marcelo Calebe Thales Nascimento','22200462905',20),
(21,'Oliver Breno Farias','41530462568',21),
(22,'Carlos Diego Pinto','62056683601',22),
(23,'Maya Carla da Cruz','50525031642',23),
(24,'Débora Manuela Lima','64584522413',24),
(25,'Manuel Benjamin Nascimento','60018110320',25),
(26,'Breno Luís da Costa','79113371606',26),
(27,'Rodrigo Jorge Manoel Figueiredo','12820560180',27),
(28,'Diogo Leandro Fogaça','66090530735',28),
(29,'Luiz Leonardo Kevin da Mota','02253455288',29),
(30,'Priscila Rafaela Maria Fernandes','83827253926',30);



INSERT INTO tb_usuario_juridico
    (cd_usuario_juridico,nm_nome_fantasia,nm_razao_social,cd_cnpj,cd_usuario)
VALUES
(1,'Kevin e Marlene Limpeza Ltda','Limpeza Car','00510219000130',31),
(2,'Caio e Nathan Financeira Ltda','Financeira seguro','95668842000122',32),
(3,'Laís e Melissa Marcenaria Ltda','Merceanaria fortuna','56770094000132',33),
(4,'Manoel e Milena Locações de Automôveis ME','Auto Peças Manoel','25200807000107',34),
(5,'João e Marli Construções Ltda','Contruções eng','44211812000151',35),
(6,'Rita e Pedro Henrique Marcenaria Ltda','Marcenaria Rita','82155463000197',36),
(7,'Davi e Gabriel Esportes ME','Esporte Gabriel','14421125000108',37),
(8,'Laura e Henrique Restaurante ME','Resturante Feliz','21927865000178',38),
(9,'Elaine e Isabel Contábil  Ltda','Contabilidade Assembleia','29935966000100',39),
(10,'Iago e Henry Mudanças Ltda','Mudanças para tudo','83706356000172',40),
(11,'Sueli e Kaique Limpeza Ltda','Limpeza Car','81421818000180',41),
(12,'André e Sarah Financeira Ltda','Financeira seguro','61105994000103',42),
(13,'Alessandra e Eduardo Assessoria Jurídica Ltda','Merceanaria fortuna','83481181000142',43),
(14,'Antonia e Cesar Pães e Doces Ltda','Auto Peças Manoel','02287948000103',44),
(15,'Kaique e Emily Gráfica ME','Contruções eng','83260027000140',45),
(16,'Carlos e Marcela Ferragens Ltda','Marcenaria Rita','74885061000110',46),
(17,'Samuel e Bernardo Construções ME','Esporte Gabriel','35048818000169',47),
(18,'Roberto e Tatiane Mudanças ME','Resturante Feliz','86885917000136',48),
(19,'Daniel e Maya Fotografias ME','Contabilidade Assembleia','48870167000130',49),
(20,'Rosa e Gabrielly Contábil Ltda','Mudanças para tudo','64751192000150',50),
(21,'Luís e Raimundo Corretores Associados Ltda','Limpeza Car','08714830000192',51),
(22,'Adriana e Diogo Lavanderia ME','Financeira seguro','93304680000118',52),
(23,'Osvaldo e Rosangela Consultoria Financeira Ltda','Merceanaria fortuna','01045114000110',53),
(24,'João e Isabel Restaurante ME','Auto Peças Manoel','24560516000159',54),
(25,'Enzo e Calebe Contábil ME','Contruções eng','44133256000142',55),
(26,'Rita e Filipe Casa Noturna Ltda','Marcenaria Rita','42790340000103',56),
(27,'Eliane e Caleb Informática Ltda','Esporte Gabriel','72185420000109',57),
(28,'Calebe e Mirella Contábil ME','Resturante Feliz','55910408000192',58),
(29,'Antonio e Carolina Telecomunicações Ltda','Contabilidade Assembleia','95237975000144',59),
(30,'Raimundo e Isabel Entregas Expressas ME','Mudanças para tudo','61067396000189',60);


INSERT INTO  
    tb_cidade
    (cd_cidade,nm_cidade,sg_uf)
VALUES
    (1, 'Afonso Cláudio', 'ES'),
    (2, 'Água Doce do Norte', 'ES'),
    (3, 'Águia Branca', 'ES'),
    (4, 'Alegre', 'ES'),
    (5, 'Alfredo Chaves', 'ES'),
    (6, 'Alto Rio Novo', 'ES'),
    (7, 'Anchieta', 'ES'),
    (8, 'Apiacá', 'ES'),
    (9, 'Aracruz', 'ES'),
    (10, 'Atilio Vivacqua', 'ES'),
    (11, 'Baixo Guandu', 'ES'),
    (12, 'Barra de São Francisco', 'ES'),
    (13, 'Boa Esperança', 'ES'),
    (14, 'Bom Jesus do Norte', 'ES'),
    (15, 'Brejetuba', 'ES'),
    (16, 'Cachoeiro de Itapemirim', 'ES'),
    (17, 'Cariacica', 'ES'),
    (18, 'Castelo', 'ES'),
    (19, 'Colatina', 'ES'),
    (20, 'Conceição da Barra', 'ES'),
    (21, 'Conceição do Castelo', 'ES'),
    (22, 'Divino de São Lourenço', 'ES'),
    (23, 'Domingos Martins', 'ES'),
    (24, 'Dores do Rio Preto', 'ES'),
    (25, 'Ecoporanga', 'ES'),
    (26, 'Fundão', 'ES'),
    (27, 'Governador Lindenberg', 'ES'),
    (28, 'Guaçuí', 'ES'),
    (29, 'Guarapari', 'ES'),
    (30, 'Ibatiba', 'ES'),
    (31, 'Ibiraçu', 'ES'),
    (32, 'Ibitirama', 'ES'),
    (33, 'Iconha', 'ES'),
    (34, 'Irupi', 'ES'),
    (35, 'Itaguaçu', 'ES'),
    (36, 'Itapemirim', 'ES'),
    (37, 'Itarana', 'ES'),
    (38, 'Iúna', 'ES'),
    (39, 'Jaguaré', 'ES'),
    (40, 'Jerônimo Monteiro', 'ES'),
    (41, 'João Neiva', 'ES'),
    (42, 'Laranja da Terra', 'ES'),
    (43, 'Linhares', 'ES'),
    (44, 'Mantenópolis', 'ES'),
    (45, 'Marataízes', 'ES'),
    (46, 'Marechal Floriano', 'ES'),
    (47, 'Marilândia', 'ES'),
    (48, 'Mimoso do Sul', 'ES'),
    (49, 'Montanha', 'ES'),
    (50, 'Mucurici', 'ES'),
    (51, 'Muniz Freire', 'ES'),
    (52, 'Muqui', 'ES'),
    (53, 'Nova Venécia', 'ES'),
    (54, 'Pancas', 'ES'),
    (55, 'Pedro Canário', 'ES'),
    (56, 'Pinheiros', 'ES'),
    (57, 'Piúma', 'ES'),
    (58, 'Ponto Belo', 'ES'),
    (59, 'Presidente Kennedy', 'ES'),
    (60, 'Rio Bananal', 'ES'),
    (61, 'Rio Novo do Sul', 'ES'),
    (62, 'Santa Leopoldina', 'ES'),
    (63, 'Santa Maria de Jetibá', 'ES'),
    (64, 'Santa Teresa', 'ES'),
    (65, 'São Domingos do Norte', 'ES'),
    (66, 'São Gabriel da Palha', 'ES'),
    (67, 'São José do Calçado', 'ES'),
    (68, 'São Mateus', 'ES'),
    (69, 'São Roque do Canaã', 'ES'),
    (70, 'Serra', 'ES'),
    (71, 'Sooretama', 'ES'),
    (72, 'Vargem Alta', 'ES'),
    (73, 'Venda Nova do Imigrante', 'ES'),
    (74, 'Viana', 'ES'),
    (75, 'Vila Pavão', 'ES'),
    (76, 'Vila Valério', 'ES'),
    (77, 'Vila Velha', 'ES'),
    (78, 'Vitória', 'ES'),
    (79, 'Acrelândia', 'AC'),
    (80, 'Assis Brasil', 'AC'),
    (81, 'Brasiléia', 'AC'),
    (82, 'Bujari', 'AC'),
    (83, 'Capixaba', 'AC'),
    (84, 'Cruzeiro do Sul', 'AC'),
    (85, 'Epitaciolândia', 'AC'),
    (86, 'Feijó', 'AC'),
    (87, 'Jordão', 'AC'),
    (88, 'Mâncio Lima', 'AC'),
    (89, 'Manoel Urbano', 'AC'),
    (90, 'Marechal Thaumaturgo', 'AC'),
    (91, 'Plácido de Castro', 'AC'),
    (92, 'Porto Acre', 'AC'),
    (93, 'Porto Walter', 'AC'),
    (94, 'Rio Branco', 'AC'),
    (95, 'Rodrigues Alves', 'AC'),
    (96, 'Santa Rosa do Purus', 'AC'),
    (97, 'Sena Madureira', 'AC'),
    (98, 'Senador Guiomard', 'AC'),
    (99, 'Tarauacá', 'AC'),
    (100, 'Xapuri', 'AC'),
    (101, 'Água Branca', 'AL'),
    (102, 'Anadia', 'AL'),
    (103, 'Arapiraca', 'AL'),
    (104, 'Atalaia', 'AL'),
    (105, 'Barra de Santo Antônio', 'AL'),
    (106, 'Barra de São Miguel', 'AL'),
    (107, 'Batalha', 'AL'),
    (108, 'Belém', 'AL'),
    (109, 'Belo Monte', 'AL'),
    (110, 'Boca da Mata', 'AL'),
    (111, 'Branquinha', 'AL'),
    (112, 'Cacimbinhas', 'AL'),
    (113, 'Cajueiro', 'AL'),
    (114, 'Campestre', 'AL'),
    (115, 'Campo Alegre', 'AL'),
    (116, 'Campo Grande', 'AL'),
    (117, 'Canapi', 'AL'),
    (118, 'Capela', 'AL'),
    (119, 'Carneiros', 'AL'),
    (120, 'Chã Preta', 'AL'),
    (121, 'Coité do Nóia', 'AL'),
    (122, 'Colônia Leopoldina', 'AL'),
    (123, 'Coqueiro Seco', 'AL'),
    (124, 'Coruripe', 'AL'),
    (125, 'Craíbas', 'AL'),
    (126, 'Delmiro Gouveia', 'AL'),
    (127, 'Dois Riachos', 'AL'),
    (128, 'Estrela de Alagoas', 'AL'),
    (129, 'Feira Grande', 'AL'),
    (130, 'Feliz Deserto', 'AL'),
    (131, 'Flexeiras', 'AL'),
    (132, 'Girau do Ponciano', 'AL'),
    (133, 'Ibateguara', 'AL'),
    (134, 'Igaci', 'AL'),
    (135, 'Igreja Nova', 'AL'),
    (136, 'Inhapi', 'AL'),
    (137, 'Jacaré dos Homens', 'AL'),
    (138, 'Jacuípe', 'AL'),
    (139, 'Japaratinga', 'AL'),
    (140, 'Jaramataia', 'AL'),
    (141, 'Jequiá da Praia', 'AL'),
    (142, 'Joaquim Gomes', 'AL'),
    (143, 'Jundiá', 'AL'),
    (144, 'Junqueiro', 'AL'),
    (145, 'Lagoa da Canoa', 'AL'),
    (146, 'Limoeiro de Anadia', 'AL'),
    (147, 'Maceió', 'AL'),
    (148, 'Major Isidoro', 'AL'),
    (149, 'Mar Vermelho', 'AL'),
    (150, 'Maragogi', 'AL'),
    (151, 'Maravilha', 'AL'),
    (152, 'Marechal Deodoro', 'AL'),
    (153, 'Maribondo', 'AL'),
    (154, 'Mata Grande', 'AL'),
    (155, 'Matriz de Camaragibe', 'AL'),
    (156, 'Messias', 'AL'),
    (157, 'Minador do Negrão', 'AL'),
    (158, 'Monteirópolis', 'AL'),
    (159, 'Murici', 'AL'),
    (160, 'Novo Lino', 'AL'),
    (161, 'Olho d`Água das Flores', 'AL'),
    (162, 'Olho d`Água do Casado', 'AL'),
    (163, 'Olho d`Água Grande', 'AL'),
    (164, 'Olivença', 'AL'),
    (165, 'Ouro Branco', 'AL'),
    (166, 'Palestina', 'AL'),
    (167, 'Palmeira dos Índios', 'AL'),
    (168, 'Pão de Açúcar', 'AL'),
    (169, 'Pariconha', 'AL'),
    (170, 'Paripueira', 'AL'),
    (171, 'Passo de Camaragibe', 'AL'),
    (172, 'Paulo Jacinto', 'AL'),
    (173, 'Penedo', 'AL'),
    (174, 'Piaçabuçu', 'AL'),
    (175, 'Pilar', 'AL'),
    (176, 'Pindoba', 'AL'),
    (177, 'Piranhas', 'AL'),
    (178, 'Poço das Trincheiras', 'AL'),
    (179, 'Porto Calvo', 'AL'),
    (180, 'Porto de Pedras', 'AL'),
    (181, 'Porto Real do Colégio', 'AL'),
    (182, 'Quebrangulo', 'AL'),
    (183, 'Rio Largo', 'AL'),
    (184, 'Roteiro', 'AL'),
    (185, 'Santa Luzia do Norte', 'AL'),
    (186, 'Santana do Ipanema', 'AL'),
    (187, 'Santana do Mundaú', 'AL'),
    (188, 'São Brás', 'AL'),
    (189, 'São José da Laje', 'AL'),
    (190, 'São José da Tapera', 'AL'),
    (191, 'São Luís do Quitunde', 'AL'),
    (192, 'São Miguel dos Campos', 'AL'),
    (193, 'São Miguel dos Milagres', 'AL'),
    (194, 'São Sebastião', 'AL'),
    (195, 'Satuba', 'AL'),
    (196, 'Senador Rui Palmeira', 'AL'),
    (197, 'Tanque d`Arca', 'AL'),
    (198, 'Taquarana', 'AL'),
    (199, 'Teotônio Vilela', 'AL'),
    (200, 'Traipu', 'AL'),
    (201, 'União dos Palmares', 'AL'),
    (202, 'Viçosa', 'AL'),
    (203, 'Amapá', 'AP'),
    (204, 'Calçoene', 'AP'),
    (205, 'Cutias', 'AP'),
    (206, 'Ferreira Gomes', 'AP'),
    (207, 'Itaubal', 'AP'),
    (208, 'Laranjal do Jari', 'AP'),
    (209, 'Macapá', 'AP'),
    (210, 'Mazagão', 'AP'),
    (211, 'Oiapoque', 'AP'),
    (212, 'Pedra Branca do Amaparí', 'AP'),
    (213, 'Porto Grande', 'AP'),
    (214, 'Pracuúba', 'AP'),
    (215, 'Santana', 'AP'),
    (216, 'Serra do Navio', 'AP'),
    (217, 'Tartarugalzinho', 'AP'),
    (218, 'Vitória do Jari', 'AP'),
    (219, 'Alvarães', 'AM'),
    (220, 'Amaturá', 'AM'),
    (221, 'Anamã', 'AM'),
    (222, 'Anori', 'AM'),
    (223, 'Apuí', 'AM'),
    (224, 'Atalaia do Norte', 'AM'),
    (225, 'Autazes', 'AM'),
    (226, 'Barcelos', 'AM'),
    (227, 'Barreirinha', 'AM'),
    (228, 'Benjamin Constant', 'AM'),
    (229, 'Beruri', 'AM'),
    (230, 'Boa Vista do Ramos', 'AM'),
    (231, 'Boca do Acre', 'AM'),
    (232, 'Borba', 'AM'),
    (233, 'Caapiranga', 'AM'),
    (234, 'Canutama', 'AM'),
    (235, 'Carauari', 'AM'),
    (236, 'Careiro', 'AM'),
    (237, 'Careiro da Várzea', 'AM'),
    (238, 'Coari', 'AM'),
    (239, 'Codajás', 'AM'),
    (240, 'Eirunepé', 'AM'),
    (241, 'Envira', 'AM'),
    (242, 'Fonte Boa', 'AM'),
    (243, 'Guajará', 'AM'),
    (244, 'Humaitá', 'AM'),
    (245, 'Ipixuna', 'AM'),
    (246, 'Iranduba', 'AM'),
    (247, 'Itacoatiara', 'AM'),
    (248, 'Itamarati', 'AM'),
    (249, 'Itapiranga', 'AM'),
    (250, 'Japurá', 'AM'),
    (251, 'Juruá', 'AM'),
    (252, 'Jutaí', 'AM'),
    (253, 'Lábrea', 'AM'),
    (254, 'Manacapuru', 'AM'),
    (255, 'Manaquiri', 'AM'),
    (256, 'Manaus', 'AM'),
    (257, 'Manicoré', 'AM'),
    (258, 'Maraã', 'AM'),
    (259, 'Maués', 'AM'),
    (260, 'Nhamundá', 'AM'),
    (261, 'Nova Olinda do Norte', 'AM'),
    (262, 'Novo Airão', 'AM'),
    (263, 'Novo Aripuanã', 'AM'),
    (264, 'Parintins', 'AM'),
    (265, 'Pauini', 'AM'),
    (266, 'Presidente Figueiredo', 'AM'),
    (267, 'Rio Preto da Eva', 'AM'),
    (268, 'Santa Isabel do Rio Negro', 'AM'),
    (269, 'Santo Antônio do Içá', 'AM'),
    (270, 'São Gabriel da Cachoeira', 'AM'),
    (271, 'São Paulo de Olivença', 'AM'),
    (272, 'São Sebastião do Uatumã', 'AM'),
    (273, 'Silves', 'AM'),
    (274, 'Tabatinga', 'AM'),
    (275, 'Tapauá', 'AM'),
    (276, 'Tefé', 'AM'),
    (277, 'Tonantins', 'AM'),
    (278, 'Uarini', 'AM'),
    (279, 'Urucará', 'AM'),
    (280, 'Urucurituba', 'AM'),
    (281, 'Abaíra', 'BA'),
    (282, 'Abaré', 'BA'),
    (283, 'Acajutiba', 'BA'),
    (284, 'Adustina', 'BA'),
    (285, 'Água Fria', 'BA'),
    (286, 'Aiquara', 'BA'),
    (287, 'Alagoinhas', 'BA'),
    (288, 'Alcobaça', 'BA'),
    (289, 'Almadina', 'BA'),
    (290, 'Amargosa', 'BA'),
    (291, 'Amélia Rodrigues', 'BA'),
    (292, 'América Dourada', 'BA'),
    (293, 'Anagé', 'BA'),
    (294, 'Andaraí', 'BA'),
    (295, 'Andorinha', 'BA'),
    (296, 'Angical', 'BA'),
    (297, 'Anguera', 'BA'),
    (298, 'Antas', 'BA'),
    (299, 'Antônio Cardoso', 'BA'),
    (300, 'Antônio Gonçalves', 'BA'),
    (301, 'Aporá', 'BA'),
    (302, 'Apuarema', 'BA'),
    (303, 'Araças', 'BA'),
    (304, 'Aracatu', 'BA'),
    (305, 'Araci', 'BA'),
    (306, 'Aramari', 'BA'),
    (307, 'Arataca', 'BA'),
    (308, 'Aratuípe', 'BA'),
    (309, 'Aurelino Leal', 'BA'),
    (310, 'Baianópolis', 'BA'),
    (311, 'Baixa Grande', 'BA'),
    (312, 'Banzaê', 'BA'),
    (313, 'Barra', 'BA'),
    (314, 'Barra da Estiva', 'BA'),
    (315, 'Barra do Choça', 'BA'),
    (316, 'Barra do Mendes', 'BA'),
    (317, 'Barra do Rocha', 'BA'),
    (318, 'Barreiras', 'BA'),
    (319, 'Barro Alto', 'BA'),
    (320, 'Barro Preto (antigo Gov. Lomanto Jr.)', 'BA'),
    (321, 'Barrocas', 'BA'),
    (322, 'Belmonte', 'BA'),
    (323, 'Belo Campo', 'BA'),
    (324, 'Biritinga', 'BA'),
    (325, 'Boa Nova', 'BA'),
    (326, 'Boa Vista do Tupim', 'BA'),
    (327, 'Bom Jesus da Lapa', 'BA'),
    (328, 'Bom Jesus da Serra', 'BA'),
    (329, 'Boninal', 'BA'),
    (330, 'Bonito', 'BA'),
    (331, 'Boquira', 'BA'),
    (332, 'Botuporã', 'BA'),
    (333, 'Brejões', 'BA'),
    (334, 'Brejolândia', 'BA'),
    (335, 'Brotas de Macaúbas', 'BA'),
    (336, 'Brumado', 'BA'),
    (337, 'Buerarema', 'BA'),
    (338, 'Buritirama', 'BA'),
    (339, 'Caatiba', 'BA'),
    (340, 'Cabaceiras do Paraguaçu', 'BA'),
    (341, 'Cachoeira', 'BA'),
    (342, 'Caculé', 'BA'),
    (343, 'Caém', 'BA'),
    (344, 'Caetanos', 'BA'),
    (345, 'Caetité', 'BA'),
    (346, 'Cafarnaum', 'BA'),
    (347, 'Cairu', 'BA'),
    (348, 'Caldeirão Grande', 'BA'),
    (349, 'Camacan', 'BA'),
    (350, 'Camaçari', 'BA'),
    (351, 'Camamu', 'BA'),
    (352, 'Campo Alegre de Lourdes', 'BA'),
    (353, 'Campo Formoso', 'BA'),
    (354, 'Canápolis', 'BA'),
    (355, 'Canarana', 'BA'),
    (356, 'Canavieiras', 'BA'),
    (357, 'Candeal', 'BA'),
    (358, 'Candeias', 'BA'),
    (359, 'Candiba', 'BA'),
    (360, 'Cândido Sales', 'BA'),
    (361, 'Cansanção', 'BA'),
    (362, 'Canudos', 'BA'),
    (363, 'Capela do Alto Alegre', 'BA'),
    (364, 'Capim Grosso', 'BA'),
    (365, 'Caraíbas', 'BA'),
    (366, 'Caravelas', 'BA'),
    (367, 'Cardeal da Silva', 'BA'),
    (368, 'Carinhanha', 'BA'),
    (369, 'Casa Nova', 'BA'),
    (370, 'Castro Alves', 'BA'),
    (371, 'Catolândia', 'BA'),
    (372, 'Catu', 'BA'),
    (373, 'Caturama', 'BA'),
    (374, 'Central', 'BA'),
    (375, 'Chorrochó', 'BA'),
    (376, 'Cícero Dantas', 'BA'),
    (377, 'Cipó', 'BA'),
    (378, 'Coaraci', 'BA'),
    (379, 'Cocos', 'BA'),
    (380, 'Conceição da Feira', 'BA'),
    (381, 'Conceição do Almeida', 'BA'),
    (382, 'Conceição do Coité', 'BA'),
    (383, 'Conceição do Jacuípe', 'BA'),
    (384, 'Conde', 'BA'),
    (385, 'Condeúba', 'BA'),
    (386, 'Contendas do Sincorá', 'BA'),
    (387, 'Coração de Maria', 'BA'),
    (388, 'Cordeiros', 'BA'),
    (389, 'Coribe', 'BA'),
    (390, 'Coronel João Sá', 'BA'),
    (391, 'Correntina', 'BA'),
    (392, 'Cotegipe', 'BA'),
    (393, 'Cravolândia', 'BA'),
    (394, 'Crisópolis', 'BA'),
    (395, 'Cristópolis', 'BA'),
    (396, 'Cruz das Almas', 'BA'),
    (397, 'Curaçá', 'BA'),
    (398, 'Dário Meira', 'BA'),
    (399, 'Dias d`Ávila', 'BA'),
    (400, 'Dom Basílio', 'BA'),
    (401, 'Dom Macedo Costa', 'BA'),
    (402, 'Elísio Medrado', 'BA'),
    (403, 'Encruzilhada', 'BA'),
    (404, 'Entre Rios', 'BA'),
    (405, 'Érico Cardoso', 'BA'),
    (406, 'Esplanada', 'BA'),
    (407, 'Euclides da Cunha', 'BA'),
    (408, 'Eunápolis', 'BA'),
    (409, 'Fátima', 'BA'),
    (410, 'Feira da Mata', 'BA'),
    (411, 'Feira de Santana', 'BA'),
    (412, 'Filadélfia', 'BA'),
    (413, 'Firmino Alves', 'BA'),
    (414, 'Floresta Azul', 'BA'),
    (415, 'Formosa do Rio Preto', 'BA'),
    (416, 'Gandu', 'BA'),
    (417, 'Gavião', 'BA'),
    (418, 'Gentio do Ouro', 'BA'),
    (419, 'Glória', 'BA'),
    (420, 'Gongogi', 'BA'),
    (421, 'Governador Mangabeira', 'BA'),
    (422, 'Guajeru', 'BA'),
    (423, 'Guanambi', 'BA'),
    (424, 'Guaratinga', 'BA'),
    (425, 'Heliópolis', 'BA'),
    (426, 'Iaçu', 'BA'),
    (427, 'Ibiassucê', 'BA'),
    (428, 'Ibicaraí', 'BA'),
    (429, 'Ibicoara', 'BA'),
    (430, 'Ibicuí', 'BA'),
    (431, 'Ibipeba', 'BA'),
    (432, 'Ibipitanga', 'BA'),
    (433, 'Ibiquera', 'BA'),
    (434, 'Ibirapitanga', 'BA'),
    (435, 'Ibirapuã', 'BA'),
    (436, 'Ibirataia', 'BA'),
    (437, 'Ibitiara', 'BA'),
    (438, 'Ibititá', 'BA'),
    (439, 'Ibotirama', 'BA'),
    (440, 'Ichu', 'BA'),
    (441, 'Igaporã', 'BA'),
    (442, 'Igrapiúna', 'BA'),
    (443, 'Iguaí', 'BA'),
    (444, 'Ilhéus', 'BA'),
    (445, 'Inhambupe', 'BA'),
    (446, 'Ipecaetá', 'BA'),
    (447, 'Ipiaú', 'BA'),
    (448, 'Ipirá', 'BA'),
    (449, 'Ipupiara', 'BA'),
    (450, 'Irajuba', 'BA'),
    (451, 'Iramaia', 'BA'),
    (452, 'Iraquara', 'BA'),
    (453, 'Irará', 'BA'),
    (454, 'Irecê', 'BA'),
    (455, 'Itabela', 'BA'),
    (456, 'Itaberaba', 'BA'),
    (457, 'Itabuna', 'BA'),
    (458, 'Itacaré', 'BA'),
    (459, 'Itaeté', 'BA'),
    (460, 'Itagi', 'BA'),
    (461, 'Itagibá', 'BA'),
    (462, 'Itagimirim', 'BA'),
    (463, 'Itaguaçu da Bahia', 'BA'),
    (464, 'Itaju do Colônia', 'BA'),
    (465, 'Itajuípe', 'BA'),
    (466, 'Itamaraju', 'BA'),
    (467, 'Itamari', 'BA'),
    (468, 'Itambé', 'BA'),
    (469, 'Itanagra', 'BA'),
    (470, 'Itanhém', 'BA'),
    (471, 'Itaparica', 'BA'),
    (472, 'Itapé', 'BA'),
    (473, 'Itapebi', 'BA'),
    (474, 'Itapetinga', 'BA'),
    (475, 'Itapicuru', 'BA'),
    (476, 'Itapitanga', 'BA'),
    (477, 'Itaquara', 'BA'),
    (478, 'Itarantim', 'BA'),
    (479, 'Itatim', 'BA'),
    (480, 'Itiruçu', 'BA'),
    (481, 'Itiúba', 'BA'),
    (482, 'Itororó', 'BA'),
    (483, 'Ituaçu', 'BA'),
    (484, 'Ituberá', 'BA'),
    (485, 'Iuiú', 'BA'),
    (486, 'Jaborandi', 'BA'),
    (487, 'Jacaraci', 'BA'),
    (488, 'Jacobina', 'BA'),
    (489, 'Jaguaquara', 'BA'),
    (490, 'Jaguarari', 'BA'),
    (491, 'Jaguaripe', 'BA'),
    (492, 'Jandaíra', 'BA'),
    (493, 'Jequié', 'BA'),
    (494, 'Jeremoabo', 'BA'),
    (495, 'Jiquiriçá', 'BA'),
    (496, 'Jitaúna', 'BA'),
    (497, 'João Dourado', 'BA'),
    (498, 'Juazeiro', 'BA'),
    (499, 'Jucuruçu', 'BA'),
    (500, 'Jussara', 'BA'),
    (501, 'Jussari', 'BA'),
    (502, 'Jussiape', 'BA'),
    (503, 'Lafaiete Coutinho', 'BA'),
    (504, 'Lagoa Real', 'BA'),
    (505, 'Laje', 'BA'),
    (506, 'Lajedão', 'BA'),
    (507, 'Lajedinho', 'BA'),
    (508, 'Lajedo do Tabocal', 'BA'),
    (509, 'Lamarão', 'BA'),
    (510, 'Lapão', 'BA'),
    (511, 'Lauro de Freitas', 'BA'),
    (512, 'Lençóis', 'BA'),
    (513, 'Licínio de Almeida', 'BA'),
    (514, 'Livramento de Nossa Senhora', 'BA'),
    (515, 'Luís Eduardo Magalhães', 'BA'),
    (516, 'Macajuba', 'BA'),
    (517, 'Macarani', 'BA'),
    (518, 'Macaúbas', 'BA'),
    (519, 'Macururé', 'BA'),
    (520, 'Madre de Deus', 'BA'),
    (521, 'Maetinga', 'BA'),
    (522, 'Maiquinique', 'BA'),
    (523, 'Mairi', 'BA'),
    (524, 'Malhada', 'BA'),
    (525, 'Malhada de Pedras', 'BA'),
    (526, 'Manoel Vitorino', 'BA'),
    (527, 'Mansidão', 'BA'),
    (528, 'Maracás', 'BA'),
    (529, 'Maragogipe', 'BA'),
    (530, 'Maraú', 'BA'),
    (531, 'Marcionílio Souza', 'BA'),
    (532, 'Mascote', 'BA'),
    (533, 'Mata de São João', 'BA'),
    (534, 'Matina', 'BA'),
    (535, 'Medeiros Neto', 'BA'),
    (536, 'Miguel Calmon', 'BA'),
    (537, 'Milagres', 'BA'),
    (538, 'Mirangaba', 'BA'),
    (539, 'Mirante', 'BA'),
    (540, 'Monte Santo', 'BA'),
    (541, 'Morpará', 'BA'),
    (542, 'Morro do Chapéu', 'BA'),
    (543, 'Mortugaba', 'BA'),
    (544, 'Mucugê', 'BA'),
    (545, 'Mucuri', 'BA'),
    (546, 'Mulungu do Morro', 'BA'),
    (547, 'Mundo Novo', 'BA'),
    (548, 'Muniz Ferreira', 'BA'),
    (549, 'Muquém de São Francisco', 'BA'),
    (550, 'Muritiba', 'BA'),
    (551, 'Mutuípe', 'BA'),
    (552, 'Nazaré', 'BA'),
    (553, 'Nilo Peçanha', 'BA'),
    (554, 'Nordestina', 'BA'),
    (555, 'Nova Canaã', 'BA'),
    (556, 'Nova Fátima', 'BA'),
    (557, 'Nova Ibiá', 'BA'),
    (558, 'Nova Itarana', 'BA'),
    (559, 'Nova Redenção', 'BA'),
    (560, 'Nova Soure', 'BA'),
    (561, 'Nova Viçosa', 'BA'),
    (562, 'Novo Horizonte', 'BA'),
    (563, 'Novo Triunfo', 'BA'),
    (564, 'Olindina', 'BA'),
    (565, 'Oliveira dos Brejinhos', 'BA'),
    (566, 'Ouriçangas', 'BA'),
    (567, 'Ourolândia', 'BA'),
    (568, 'Palmas de Monte Alto', 'BA'),
    (569, 'Palmeiras', 'BA'),
    (570, 'Paramirim', 'BA'),
    (571, 'Paratinga', 'BA'),
    (572, 'Paripiranga', 'BA'),
    (573, 'Pau Brasil', 'BA'),
    (574, 'Paulo Afonso', 'BA'),
    (575, 'Pé de Serra', 'BA'),
    (576, 'Pedrão', 'BA'),
    (577, 'Pedro Alexandre', 'BA'),
    (578, 'Piatã', 'BA'),
    (579, 'Pilão Arcado', 'BA'),
    (580, 'Pindaí', 'BA'),
    (581, 'Pindobaçu', 'BA'),
    (582, 'Pintadas', 'BA'),
    (583, 'Piraí do Norte', 'BA'),
    (584, 'Piripá', 'BA'),
    (585, 'Piritiba', 'BA'),
    (586, 'Planaltino', 'BA'),
    (587, 'Planalto', 'BA'),
    (588, 'Poções', 'BA'),
    (589, 'Pojuca', 'BA'),
    (590, 'Ponto Novo', 'BA'),
    (591, 'Porto Seguro', 'BA'),
    (592, 'Potiraguá', 'BA'),
    (593, 'Prado', 'BA'),
    (594, 'Presidente Dutra', 'BA'),
    (595, 'Presidente Jânio Quadros', 'BA'),
    (596, 'Presidente Tancredo Neves', 'BA'),
    (597, 'Queimadas', 'BA'),
    (598, 'Quijingue', 'BA'),
    (599, 'Quixabeira', 'BA'),
    (600, 'Rafael Jambeiro', 'BA'),
    (601, 'Remanso', 'BA'),
    (602, 'Retirolândia', 'BA'),
    (603, 'Riachão das Neves', 'BA'),
    (604, 'Riachão do Jacuípe', 'BA'),
    (605, 'Riacho de Santana', 'BA'),
    (606, 'Ribeira do Amparo', 'BA'),
    (607, 'Ribeira do Pombal', 'BA'),
    (608, 'Ribeirão do Largo', 'BA'),
    (609, 'Rio de Contas', 'BA'),
    (610, 'Rio do Antônio', 'BA'),
    (611, 'Rio do Pires', 'BA'),
    (612, 'Rio Real', 'BA'),
    (613, 'Rodelas', 'BA'),
    (614, 'Ruy Barbosa', 'BA'),
    (615, 'Salinas da Margarida', 'BA'),
    (616, 'Salvador', 'BA'),
    (617, 'Santa Bárbara', 'BA'),
    (618, 'Santa Brígida', 'BA'),
    (619, 'Santa Cruz Cabrália', 'BA'),
    (620, 'Santa Cruz da Vitória', 'BA'),
    (621, 'Santa Inês', 'BA'),
    (622, 'Santa Luzia', 'BA'),
    (623, 'Santa Maria da Vitória', 'BA'),
    (624, 'Santa Rita de Cássia', 'BA'),
    (625, 'Santa Teresinha', 'BA'),
    (626, 'Santaluz', 'BA'),
    (627, 'Santana', 'BA'),
    (628, 'Santanópolis', 'BA'),
    (629, 'Santo Amaro', 'BA'),
    (630, 'Santo Antônio de Jesus', 'BA'),
    (631, 'Santo Estêvão', 'BA'),
    (632, 'São Desidério', 'BA'),
    (633, 'São Domingos', 'BA'),
    (634, 'São Felipe', 'BA'),
    (635, 'São Félix', 'BA'),
    (636, 'São Félix do Coribe', 'BA'),
    (637, 'São Francisco do Conde', 'BA'),
    (638, 'São Gabriel', 'BA'),
    (639, 'São Gonçalo dos Campos', 'BA'),
    (640, 'São José da Vitória', 'BA'),
    (641, 'São José do Jacuípe', 'BA'),
    (642, 'São Miguel das Matas', 'BA'),
    (643, 'São Sebastião do Passé', 'BA'),
    (644, 'Sapeaçu', 'BA'),
    (645, 'Sátiro Dias', 'BA'),
    (646, 'Saubara', 'BA'),
    (647, 'Saúde', 'BA'),
    (648, 'Seabra', 'BA'),
    (649, 'Sebastião Laranjeiras', 'BA'),
    (650, 'Senhor do Bonfim', 'BA'),
    (651, 'Sento Sé', 'BA'),
    (652, 'Serra do Ramalho', 'BA'),
    (653, 'Serra Dourada', 'BA'),
    (654, 'Serra Preta', 'BA'),
    (655, 'Serrinha', 'BA'),
    (656, 'Serrolândia', 'BA'),
    (657, 'Simões Filho', 'BA'),
    (658, 'Sítio do Mato', 'BA'),
    (659, 'Sítio do Quinto', 'BA'),
    (660, 'Sobradinho', 'BA'),
    (661, 'Souto Soares', 'BA'),
    (662, 'Tabocas do Brejo Velho', 'BA'),
    (663, 'Tanhaçu', 'BA'),
    (664, 'Tanque Novo', 'BA'),
    (665, 'Tanquinho', 'BA'),
    (666, 'Taperoá', 'BA'),
    (667, 'Tapiramutá', 'BA'),
    (668, 'Teixeira de Freitas', 'BA'),
    (669, 'Teodoro Sampaio', 'BA'),
    (670, 'Teofilândia', 'BA'),
    (671, 'Teolândia', 'BA'),
    (672, 'Terra Nova', 'BA'),
    (673, 'Tremedal', 'BA'),
    (674, 'Tucano', 'BA'),
    (675, 'Uauá', 'BA'),
    (676, 'Ubaíra', 'BA'),
    (677, 'Ubaitaba', 'BA'),
    (678, 'Ubatã', 'BA'),
    (679, 'Uibaí', 'BA'),
    (680, 'Umburanas', 'BA'),
    (681, 'Una', 'BA'),
    (682, 'Urandi', 'BA'),
    (683, 'Uruçuca', 'BA'),
    (684, 'Utinga', 'BA'),
    (685, 'Valença', 'BA'),
    (686, 'Valente', 'BA'),
    (687, 'Várzea da Roça', 'BA'),
    (688, 'Várzea do Poço', 'BA'),
    (689, 'Várzea Nova', 'BA'),
    (690, 'Varzedo', 'BA'),
    (691, 'Vera Cruz', 'BA'),
    (692, 'Vereda', 'BA'),
    (693, 'Vitória da Conquista', 'BA'),
    (694, 'Wagner', 'BA'),
    (695, 'Wanderley', 'BA'),
    (696, 'Wenceslau Guimarães', 'BA'),
    (697, 'Xique-Xique', 'BA'),
    (698, 'Abaiara', 'CE'),
    (699, 'Acarape', 'CE'),
    (700, 'Acaraú', 'CE'),
    (701, 'Acopiara', 'CE'),
    (702, 'Aiuaba', 'CE'),
    (703, 'Alcântaras', 'CE'),
    (704, 'Altaneira', 'CE'),
    (705, 'Alto Santo', 'CE'),
    (706, 'Amontada', 'CE'),
    (707, 'Antonina do Norte', 'CE'),
    (708, 'Apuiarés', 'CE'),
    (709, 'Aquiraz', 'CE'),
    (710, 'Aracati', 'CE'),
    (711, 'Aracoiaba', 'CE'),
    (712, 'Ararendá', 'CE'),
    (713, 'Araripe', 'CE'),
    (714, 'Aratuba', 'CE'),
    (715, 'Arneiroz', 'CE'),
    (716, 'Assaré', 'CE'),
    (717, 'Aurora', 'CE'),
    (718, 'Baixio', 'CE'),
    (719, 'Banabuiú', 'CE'),
    (720, 'Barbalha', 'CE'),
    (721, 'Barreira', 'CE'),
    (722, 'Barro', 'CE'),
    (723, 'Barroquinha', 'CE'),
    (724, 'Baturité', 'CE'),
    (725, 'Beberibe', 'CE'),
    (726, 'Bela Cruz', 'CE'),
    (727, 'Boa Viagem', 'CE'),
    (728, 'Brejo Santo', 'CE'),
    (729, 'Camocim', 'CE'),
    (730, 'Campos Sales', 'CE'),
    (731, 'Canindé', 'CE'),
    (732, 'Capistrano', 'CE'),
    (733, 'Caridade', 'CE'),
    (734, 'Cariré', 'CE'),
    (735, 'Caririaçu', 'CE'),
    (736, 'Cariús', 'CE'),
    (737, 'Carnaubal', 'CE'),
    (738, 'Cascavel', 'CE'),
    (739, 'Catarina', 'CE'),
    (740, 'Catunda', 'CE'),
    (741, 'Caucaia', 'CE'),
    (742, 'Cedro', 'CE'),
    (743, 'Chaval', 'CE'),
    (744, 'Choró', 'CE'),
    (745, 'Chorozinho', 'CE'),
    (746, 'Coreaú', 'CE'),
    (747, 'Crateús', 'CE'),
    (748, 'Crato', 'CE'),
    (749, 'Croatá', 'CE'),
    (750, 'Cruz', 'CE'),
    (751, 'Deputado Irapuan Pinheiro', 'CE'),
    (752, 'Ererê', 'CE'),
    (753, 'Eusébio', 'CE'),
    (754, 'Farias Brito', 'CE'),
    (755, 'Forquilha', 'CE'),
    (756, 'Fortaleza', 'CE'),
    (757, 'Fortim', 'CE'),
    (758, 'Frecheirinha', 'CE'),
    (759, 'General Sampaio', 'CE'),
    (760, 'Graça', 'CE'),
    (761, 'Granja', 'CE'),
    (762, 'Granjeiro', 'CE'),
    (763, 'Groaíras', 'CE'),
    (764, 'Guaiúba', 'CE'),
    (765, 'Guaraciaba do Norte', 'CE'),
    (766, 'Guaramiranga', 'CE'),
    (767, 'Hidrolândia', 'CE'),
    (768, 'Horizonte', 'CE'),
    (769, 'Ibaretama', 'CE'),
    (770, 'Ibiapina', 'CE'),
    (771, 'Ibicuitinga', 'CE'),
    (772, 'Icapuí', 'CE'),
    (773, 'Icó', 'CE'),
    (774, 'Iguatu', 'CE'),
    (775, 'Independência', 'CE'),
    (776, 'Ipaporanga', 'CE'),
    (777, 'Ipaumirim', 'CE'),
    (778, 'Ipu', 'CE'),
    (779, 'Ipueiras', 'CE'),
    (780, 'Iracema', 'CE'),
    (781, 'Irauçuba', 'CE'),
    (782, 'Itaiçaba', 'CE'),
    (783, 'Itaitinga', 'CE'),
    (784, 'Itapagé', 'CE'),
    (785, 'Itapipoca', 'CE'),
    (786, 'Itapiúna', 'CE'),
    (787, 'Itarema', 'CE'),
    (788, 'Itatira', 'CE'),
    (789, 'Jaguaretama', 'CE'),
    (790, 'Jaguaribara', 'CE'),
    (791, 'Jaguaribe', 'CE'),
    (792, 'Jaguaruana', 'CE'),
    (793, 'Jardim', 'CE'),
    (794, 'Jati', 'CE'),
    (795, 'Jijoca de Jericoacoara', 'CE'),
    (796, 'Juazeiro do Norte', 'CE'),
    (797, 'Jucás', 'CE'),
    (798, 'Lavras da Mangabeira', 'CE'),
    (799, 'Limoeiro do Norte', 'CE'),
    (800, 'Madalena', 'CE'),
    (801, 'Maracanaú', 'CE'),
    (802, 'Maranguape', 'CE'),
    (803, 'Marco', 'CE'),
    (804, 'Martinópole', 'CE'),
    (805, 'Massapê', 'CE'),
    (806, 'Mauriti', 'CE'),
    (807, 'Meruoca', 'CE'),
    (808, 'Milagres', 'CE'),
    (809, 'Milhã', 'CE'),
    (810, 'Miraíma', 'CE'),
    (811, 'Missão Velha', 'CE'),
    (812, 'Mombaça', 'CE'),
    (813, 'Monsenhor Tabosa', 'CE'),
    (814, 'Morada Nova', 'CE'),
    (815, 'Moraújo', 'CE'),
    (816, 'Morrinhos', 'CE'),
    (817, 'Mucambo', 'CE'),
    (818, 'Mulungu', 'CE'),
    (819, 'Nova Olinda', 'CE'),
    (820, 'Nova Russas', 'CE'),
    (821, 'Novo Oriente', 'CE'),
    (822, 'Ocara', 'CE'),
    (823, 'Orós', 'CE'),
    (824, 'Pacajus', 'CE'),
    (825, 'Pacatuba', 'CE'),
    (826, 'Pacoti', 'CE'),
    (827, 'Pacujá', 'CE'),
    (828, 'Palhano', 'CE'),
    (829, 'Palmácia', 'CE'),
    (830, 'Paracuru', 'CE'),
    (831, 'Paraipaba', 'CE'),
    (832, 'Parambu', 'CE'),
    (833, 'Paramoti', 'CE'),
    (834, 'Pedra Branca', 'CE'),
    (835, 'Penaforte', 'CE'),
    (836, 'Pentecoste', 'CE'),
    (837, 'Pereiro', 'CE'),
    (838, 'Pindoretama', 'CE'),
    (839, 'Piquet Carneiro', 'CE'),
    (840, 'Pires Ferreira', 'CE'),
    (841, 'Poranga', 'CE'),
    (842, 'Porteiras', 'CE'),
    (843, 'Potengi', 'CE'),
    (844, 'Potiretama', 'CE'),
    (845, 'Quiterianópolis', 'CE'),
    (846, 'Quixadá', 'CE'),
    (847, 'Quixelô', 'CE'),
    (848, 'Quixeramobim', 'CE'),
    (849, 'Quixeré', 'CE'),
    (850, 'Redenção', 'CE'),
    (851, 'Reriutaba', 'CE'),
    (852, 'Russas', 'CE'),
    (853, 'Saboeiro', 'CE'),
    (854, 'Salitre', 'CE'),
    (855, 'Santa Quitéria', 'CE'),
    (856, 'Santana do Acaraú', 'CE'),
    (857, 'Santana do Cariri', 'CE'),
    (858, 'São Benedito', 'CE'),
    (859, 'São Gonçalo do Amarante', 'CE'),
    (860, 'São João do Jaguaribe', 'CE'),
    (861, 'São Luís do Curu', 'CE'),
    (862, 'Senador Pompeu', 'CE'),
    (863, 'Senador Sá', 'CE'),
    (864, 'Sobral', 'CE'),
    (865, 'Solonópole', 'CE'),
    (866, 'Tabuleiro do Norte', 'CE'),
    (867, 'Tamboril', 'CE'),
    (868, 'Tarrafas', 'CE'),
    (869, 'Tauá', 'CE'),
    (870, 'Tejuçuoca', 'CE'),
    (871, 'Tianguá', 'CE'),
    (872, 'Trairi', 'CE'),
    (873, 'Tururu', 'CE'),
    (874, 'Ubajara', 'CE'),
    (875, 'Umari', 'CE'),
    (876, 'Umirim', 'CE'),
    (877, 'Uruburetama', 'CE'),
    (878, 'Uruoca', 'CE'),
    (879, 'Varjota', 'CE'),
    (880, 'Várzea Alegre', 'CE'),
    (881, 'Viçosa do Ceará', 'CE'),
    (882, 'Brasília', 'DF'),
    (883, 'Abadia de Goiás', 'GO'),
    (884, 'Abadiânia', 'GO'),
    (885, 'Acreúna', 'GO'),
    (886, 'Adelândia', 'GO'),
    (887, 'Água Fria de Goiás', 'GO'),
    (888, 'Água Limpa', 'GO'),
    (889, 'Águas Lindas de Goiás', 'GO'),
    (890, 'Alexânia', 'GO'),
    (891, 'Aloândia', 'GO'),
    (892, 'Alto Horizonte', 'GO'),
    (893, 'Alto Paraíso de Goiás', 'GO'),
    (894, 'Alvorada do Norte', 'GO'),
    (895, 'Amaralina', 'GO'),
    (896, 'Americano do Brasil', 'GO'),
    (897, 'Amorinópolis', 'GO'),
    (898, 'Anápolis', 'GO'),
    (899, 'Anhanguera', 'GO'),
    (900, 'Anicuns', 'GO'),
    (901, 'Aparecida de Goiânia', 'GO'),
    (902, 'Aparecida do Rio Doce', 'GO'),
    (903, 'Aporé', 'GO'),
    (904, 'Araçu', 'GO'),
    (905, 'Aragarças', 'GO'),
    (906, 'Aragoiânia', 'GO'),
    (907, 'Araguapaz', 'GO'),
    (908, 'Arenópolis', 'GO'),
    (909, 'Aruanã', 'GO'),
    (910, 'Aurilândia', 'GO'),
    (911, 'Avelinópolis', 'GO'),
    (912, 'Baliza', 'GO'),
    (913, 'Barro Alto', 'GO'),
    (914, 'Bela Vista de Goiás', 'GO'),
    (915, 'Bom Jardim de Goiás', 'GO'),
    (916, 'Bom Jesus de Goiás', 'GO'),
    (917, 'Bonfinópolis', 'GO'),
    (918, 'Bonópolis', 'GO'),
    (919, 'Brazabrantes', 'GO'),
    (920, 'Britânia', 'GO'),
    (921, 'Buriti Alegre', 'GO'),
    (922, 'Buriti de Goiás', 'GO'),
    (923, 'Buritinópolis', 'GO'),
    (924, 'Cabeceiras', 'GO'),
    (925, 'Cachoeira Alta', 'GO'),
    (926, 'Cachoeira de Goiás', 'GO'),
    (927, 'Cachoeira Dourada', 'GO'),
    (928, 'Caçu', 'GO'),
    (929, 'Caiapônia', 'GO'),
    (930, 'Caldas Novas', 'GO'),
    (931, 'Caldazinha', 'GO'),
    (932, 'Campestre de Goiás', 'GO'),
    (933, 'Campinaçu', 'GO'),
    (934, 'Campinorte', 'GO'),
    (935, 'Campo Alegre de Goiás', 'GO'),
    (936, 'Campo Limpo de Goiás', 'GO'),
    (937, 'Campos Belos', 'GO'),
    (938, 'Campos Verdes', 'GO'),
    (939, 'Carmo do Rio Verde', 'GO'),
    (940, 'Castelândia', 'GO'),
    (941, 'Catalão', 'GO'),
    (942, 'Caturaí', 'GO'),
    (943, 'Cavalcante', 'GO'),
    (944, 'Ceres', 'GO'),
    (945, 'Cezarina', 'GO'),
    (946, 'Chapadão do Céu', 'GO'),
    (947, 'Cidade Ocidental', 'GO'),
    (948, 'Cocalzinho de Goiás', 'GO'),
    (949, 'Colinas do Sul', 'GO'),
    (950, 'Córrego do Ouro', 'GO'),
    (951, 'Corumbá de Goiás', 'GO'),
    (952, 'Corumbaíba', 'GO'),
    (953, 'Cristalina', 'GO'),
    (954, 'Cristianópolis', 'GO'),
    (955, 'Crixás', 'GO'),
    (956, 'Cromínia', 'GO'),
    (957, 'Cumari', 'GO'),
    (958, 'Damianópolis', 'GO'),
    (959, 'Damolândia', 'GO'),
    (960, 'Davinópolis', 'GO'),
    (961, 'Diorama', 'GO'),
    (962, 'Divinópolis de Goiás', 'GO'),
    (963, 'Doverlândia', 'GO'),
    (964, 'Edealina', 'GO'),
    (965, 'Edéia', 'GO'),
    (966, 'Estrela do Norte', 'GO'),
    (967, 'Faina', 'GO'),
    (968, 'Fazenda Nova', 'GO'),
    (969, 'Firminópolis', 'GO'),
    (970, 'Flores de Goiás', 'GO'),
    (971, 'Formosa', 'GO'),
    (972, 'Formoso', 'GO'),
    (973, 'Gameleira de Goiás', 'GO'),
    (974, 'Goianápolis', 'GO'),
    (975, 'Goiandira', 'GO'),
    (976, 'Goianésia', 'GO'),
    (977, 'Goiânia', 'GO'),
    (978, 'Goianira', 'GO'),
    (979, 'Goiás', 'GO'),
    (980, 'Goiatuba', 'GO'),
    (981, 'Gouvelândia', 'GO'),
    (982, 'Guapó', 'GO'),
    (983, 'Guaraíta', 'GO'),
    (984, 'Guarani de Goiás', 'GO'),
    (985, 'Guarinos', 'GO'),
    (986, 'Heitoraí', 'GO'),
    (987, 'Hidrolândia', 'GO'),
    (988, 'Hidrolina', 'GO'),
    (989, 'Iaciara', 'GO'),
    (990, 'Inaciolândia', 'GO'),
    (991, 'Indiara', 'GO'),
    (992, 'Inhumas', 'GO'),
    (993, 'Ipameri', 'GO'),
    (994, 'Ipiranga de Goiás', 'GO'),
    (995, 'Iporá', 'GO'),
    (996, 'Israelândia', 'GO'),
    (997, 'Itaberaí', 'GO'),
    (998, 'Itaguari', 'GO'),
    (999, 'Itaguaru', 'GO'),
    (1000, 'Itajá', 'GO'),
    (1001, 'Itapaci', 'GO'),
    (1002, 'Itapirapuã', 'GO'),
    (1003, 'Itapuranga', 'GO'),
    (1004, 'Itarumã', 'GO'),
    (1005, 'Itauçu', 'GO'),
    (1006, 'Itumbiara', 'GO'),
    (1007, 'Ivolândia', 'GO'),
    (1008, 'Jandaia', 'GO'),
    (1009, 'Jaraguá', 'GO'),
    (1010, 'Jataí', 'GO'),
    (1011, 'Jaupaci', 'GO'),
    (1012, 'Jesúpolis', 'GO'),
    (1013, 'Joviânia', 'GO'),
    (1014, 'Jussara', 'GO'),
    (1015, 'Lagoa Santa', 'GO'),
    (1016, 'Leopoldo de Bulhões', 'GO'),
    (1017, 'Luziânia', 'GO'),
    (1018, 'Mairipotaba', 'GO'),
    (1019, 'Mambaí', 'GO'),
    (1020, 'Mara Rosa', 'GO'),
    (1021, 'Marzagão', 'GO'),
    (1022, 'Matrinchã', 'GO'),
    (1023, 'Maurilândia', 'GO'),
    (1024, 'Mimoso de Goiás', 'GO'),
    (1025, 'Minaçu', 'GO'),
    (1026, 'Mineiros', 'GO'),
    (1027, 'Moiporá', 'GO'),
    (1028, 'Monte Alegre de Goiás', 'GO'),
    (1029, 'Montes Claros de Goiás', 'GO'),
    (1030, 'Montividiu', 'GO'),
    (1031, 'Montividiu do Norte', 'GO'),
    (1032, 'Morrinhos', 'GO'),
    (1033, 'Morro Agudo de Goiás', 'GO'),
    (1034, 'Mossâmedes', 'GO'),
    (1035, 'Mozarlândia', 'GO'),
    (1036, 'Mundo Novo', 'GO'),
    (1037, 'Mutunópolis', 'GO'),
    (1038, 'Nazário', 'GO'),
    (1039, 'Nerópolis', 'GO'),
    (1040, 'Niquelândia', 'GO'),
    (1041, 'Nova América', 'GO'),
    (1042, 'Nova Aurora', 'GO'),
    (1043, 'Nova Crixás', 'GO'),
    (1044, 'Nova Glória', 'GO'),
    (1045, 'Nova Iguaçu de Goiás', 'GO'),
    (1046, 'Nova Roma', 'GO'),
    (1047, 'Nova Veneza', 'GO'),
    (1048, 'Novo Brasil', 'GO'),
    (1049, 'Novo Gama', 'GO'),
    (1050, 'Novo Planalto', 'GO'),
    (1051, 'Orizona', 'GO'),
    (1052, 'Ouro Verde de Goiás', 'GO'),
    (1053, 'Ouvidor', 'GO'),
    (1054, 'Padre Bernardo', 'GO'),
    (1055, 'Palestina de Goiás', 'GO'),
    (1056, 'Palmeiras de Goiás', 'GO'),
    (1057, 'Palmelo', 'GO'),
    (1058, 'Palminópolis', 'GO'),
    (1059, 'Panamá', 'GO'),
    (1060, 'Paranaiguara', 'GO'),
    (1061, 'Paraúna', 'GO'),
    (1062, 'Perolândia', 'GO'),
    (1063, 'Petrolina de Goiás', 'GO'),
    (1064, 'Pilar de Goiás', 'GO'),
    (1065, 'Piracanjuba', 'GO'),
    (1066, 'Piranhas', 'GO'),
    (1067, 'Pirenópolis', 'GO'),
    (1068, 'Pires do Rio', 'GO'),
    (1069, 'Planaltina', 'GO'),
    (1070, 'Pontalina', 'GO'),
    (1071, 'Porangatu', 'GO'),
    (1072, 'Porteirão', 'GO'),
    (1073, 'Portelândia', 'GO'),
    (1074, 'Posse', 'GO'),
    (1075, 'Professor Jamil', 'GO'),
    (1076, 'Quirinópolis', 'GO'),
    (1077, 'Rialma', 'GO'),
    (1078, 'Rianápolis', 'GO'),
    (1079, 'Rio Quente', 'GO'),
    (1080, 'Rio Verde', 'GO'),
    (1081, 'Rubiataba', 'GO'),
    (1082, 'Sanclerlândia', 'GO'),
    (1083, 'Santa Bárbara de Goiás', 'GO'),
    (1084, 'Santa Cruz de Goiás', 'GO'),
    (1085, 'Santa Fé de Goiás', 'GO'),
    (1086, 'Santa Helena de Goiás', 'GO'),
    (1087, 'Santa Isabel', 'GO'),
    (1088, 'Santa Rita do Araguaia', 'GO'),
    (1089, 'Santa Rita do Novo Destino', 'GO'),
    (1090, 'Santa Rosa de Goiás', 'GO'),
    (1091, 'Santa Tereza de Goiás', 'GO'),
    (1092, 'Santa Terezinha de Goiás', 'GO'),
    (1093, 'Santo Antônio da Barra', 'GO'),
    (1094, 'Santo Antônio de Goiás', 'GO'),
    (1095, 'Santo Antônio do Descoberto', 'GO'),
    (1096, 'São Domingos', 'GO'),
    (1097, 'São Francisco de Goiás', 'GO'),
    (1098, 'São João d`Aliança', 'GO'),
    (1099, 'São João da Paraúna', 'GO'),
    (1100, 'São Luís de Montes Belos', 'GO'),
    (1101, 'São Luíz do Norte', 'GO'),
    (1102, 'São Miguel do Araguaia', 'GO'),
    (1103, 'São Miguel do Passa Quatro', 'GO'),
    (1104, 'São Patrício', 'GO'),
    (1105, 'São Simão', 'GO'),
    (1106, 'Senador Canedo', 'GO'),
    (1107, 'Serranópolis', 'GO'),
    (1108, 'Silvânia', 'GO'),
    (1109, 'Simolândia', 'GO'),
    (1110, 'Sítio d`Abadia', 'GO'),
    (1111, 'Taquaral de Goiás', 'GO'),
    (1112, 'Teresina de Goiás', 'GO'),
    (1113, 'Terezópolis de Goiás', 'GO'),
    (1114, 'Três Ranchos', 'GO'),
    (1115, 'Trindade', 'GO'),
    (1116, 'Trombas', 'GO'),
    (1117, 'Turvânia', 'GO'),
    (1118, 'Turvelândia', 'GO'),
    (1119, 'Uirapuru', 'GO'),
    (1120, 'Uruaçu', 'GO'),
    (1121, 'Uruana', 'GO'),
    (1122, 'Urutaí', 'GO'),
    (1123, 'Valparaíso de Goiás', 'GO'),
    (1124, 'Varjão', 'GO'),
    (1125, 'Vianópolis', 'GO'),
    (1126, 'Vicentinópolis', 'GO'),
    (1127, 'Vila Boa', 'GO'),
    (1128, 'Vila Propício', 'GO'),
    (1129, 'Açailândia', 'MA'),
    (1130, 'Afonso Cunha', 'MA'),
    (1131, 'Água Doce do Maranhão', 'MA'),
    (1132, 'Alcântara', 'MA'),
    (1133, 'Aldeias Altas', 'MA'),
    (1134, 'Altamira do Maranhão', 'MA'),
    (1135, 'Alto Alegre do Maranhão', 'MA'),
    (1136, 'Alto Alegre do Pindaré', 'MA'),
    (1137, 'Alto Parnaíba', 'MA'),
    (1138, 'Amapá do Maranhão', 'MA'),
    (1139, 'Amarante do Maranhão', 'MA'),
    (1140, 'Anajatuba', 'MA'),
    (1141, 'Anapurus', 'MA'),
    (1142, 'Apicum-Açu', 'MA'),
    (1143, 'Araguanã', 'MA'),
    (1144, 'Araioses', 'MA'),
    (1145, 'Arame', 'MA'),
    (1146, 'Arari', 'MA'),
    (1147, 'Axixá', 'MA'),
    (1148, 'Bacabal', 'MA'),
    (1149, 'Bacabeira', 'MA'),
    (1150, 'Bacuri', 'MA'),
    (1151, 'Bacurituba', 'MA'),
    (1152, 'Balsas', 'MA'),
    (1153, 'Barão de Grajaú', 'MA'),
    (1154, 'Barra do Corda', 'MA'),
    (1155, 'Barreirinhas', 'MA'),
    (1156, 'Bela Vista do Maranhão', 'MA'),
    (1157, 'Belágua', 'MA'),
    (1158, 'Benedito Leite', 'MA'),
    (1159, 'Bequimão', 'MA'),
    (1160, 'Bernardo do Mearim', 'MA'),
    (1161, 'Boa Vista do Gurupi', 'MA'),
    (1162, 'Bom Jardim', 'MA'),
    (1163, 'Bom Jesus das Selvas', 'MA'),
    (1164, 'Bom Lugar', 'MA'),
    (1165, 'Brejo', 'MA'),
    (1166, 'Brejo de Areia', 'MA'),
    (1167, 'Buriti', 'MA'),
    (1168, 'Buriti Bravo', 'MA'),
    (1169, 'Buriticupu', 'MA'),
    (1170, 'Buritirana', 'MA'),
    (1171, 'Cachoeira Grande', 'MA'),
    (1172, 'Cajapió', 'MA'),
    (1173, 'Cajari', 'MA'),
    (1174, 'Campestre do Maranhão', 'MA'),
    (1175, 'Cândido Mendes', 'MA'),
    (1176, 'Cantanhede', 'MA'),
    (1177, 'Capinzal do Norte', 'MA'),
    (1178, 'Carolina', 'MA'),
    (1179, 'Carutapera', 'MA'),
    (1180, 'Caxias', 'MA'),
    (1181, 'Cedral', 'MA'),
    (1182, 'Central do Maranhão', 'MA'),
    (1183, 'Centro do Guilherme', 'MA'),
    (1184, 'Centro Novo do Maranhão', 'MA'),
    (1185, 'Chapadinha', 'MA'),
    (1186, 'Cidelândia', 'MA'),
    (1187, 'Codó', 'MA'),
    (1188, 'Coelho Neto', 'MA'),
    (1189, 'Colinas', 'MA'),
    (1190, 'Conceição do Lago-Açu', 'MA'),
    (1191, 'Coroatá', 'MA'),
    (1192, 'Cururupu', 'MA'),
    (1193, 'Davinópolis', 'MA'),
    (1194, 'Dom Pedro', 'MA'),
    (1195, 'Duque Bacelar', 'MA'),
    (1196, 'Esperantinópolis', 'MA'),
    (1197, 'Estreito', 'MA'),
    (1198, 'Feira Nova do Maranhão', 'MA'),
    (1199, 'Fernando Falcão', 'MA'),
    (1200, 'Formosa da Serra Negra', 'MA'),
    (1201, 'Fortaleza dos Nogueiras', 'MA'),
    (1202, 'Fortuna', 'MA'),
    (1203, 'Godofredo Viana', 'MA'),
    (1204, 'Gonçalves Dias', 'MA'),
    (1205, 'Governador Archer', 'MA'),
    (1206, 'Governador Edison Lobão', 'MA'),
    (1207, 'Governador Eugênio Barros', 'MA'),
    (1208, 'Governador Luiz Rocha', 'MA'),
    (1209, 'Governador Newton Bello', 'MA'),
    (1210, 'Governador Nunes Freire', 'MA'),
    (1211, 'Graça Aranha', 'MA'),
    (1212, 'Grajaú', 'MA'),
    (1213, 'Guimarães', 'MA'),
    (1214, 'Humberto de Campos', 'MA'),
    (1215, 'Icatu', 'MA'),
    (1216, 'Igarapé do Meio', 'MA'),
    (1217, 'Igarapé Grande', 'MA'),
    (1218, 'Imperatriz', 'MA'),
    (1219, 'Itaipava do Grajaú', 'MA'),
    (1220, 'Itapecuru Mirim', 'MA'),
    (1221, 'Itinga do Maranhão', 'MA'),
    (1222, 'Jatobá', 'MA'),
    (1223, 'Jenipapo dos Vieiras', 'MA'),
    (1224, 'João Lisboa', 'MA'),
    (1225, 'Joselândia', 'MA'),
    (1226, 'Junco do Maranhão', 'MA'),
    (1227, 'Lago da Pedra', 'MA'),
    (1228, 'Lago do Junco', 'MA'),
    (1229, 'Lago dos Rodrigues', 'MA'),
    (1230, 'Lago Verde', 'MA'),
    (1231, 'Lagoa do Mato', 'MA'),
    (1232, 'Lagoa Grande do Maranhão', 'MA'),
    (1233, 'Lajeado Novo', 'MA'),
    (1234, 'Lima Campos', 'MA'),
    (1235, 'Loreto', 'MA'),
    (1236, 'Luís Domingues', 'MA'),
    (1237, 'Magalhães de Almeida', 'MA'),
    (1238, 'Maracaçumé', 'MA'),
    (1239, 'Marajá do Sena', 'MA'),
    (1240, 'Maranhãozinho', 'MA'),
    (1241, 'Mata Roma', 'MA'),
    (1242, 'Matinha', 'MA'),
    (1243, 'Matões', 'MA'),
    (1244, 'Matões do Norte', 'MA'),
    (1245, 'Milagres do Maranhão', 'MA'),
    (1246, 'Mirador', 'MA'),
    (1247, 'Miranda do Norte', 'MA'),
    (1248, 'Mirinzal', 'MA'),
    (1249, 'Monção', 'MA'),
    (1250, 'Montes Altos', 'MA'),
    (1251, 'Morros', 'MA'),
    (1252, 'Nina Rodrigues', 'MA'),
    (1253, 'Nova Colinas', 'MA'),
    (1254, 'Nova Iorque', 'MA'),
    (1255, 'Nova Olinda do Maranhão', 'MA'),
    (1256, 'Olho d`Água das Cunhãs', 'MA'),
    (1257, 'Olinda Nova do Maranhão', 'MA'),
    (1258, 'Paço do Lumiar', 'MA'),
    (1259, 'Palmeirândia', 'MA'),
    (1260, 'Paraibano', 'MA'),
    (1261, 'Parnarama', 'MA'),
    (1262, 'Passagem Franca', 'MA'),
    (1263, 'Pastos Bons', 'MA'),
    (1264, 'Paulino Neves', 'MA'),
    (1265, 'Paulo Ramos', 'MA'),
    (1266, 'Pedreiras', 'MA'),
    (1267, 'Pedro do Rosário', 'MA'),
    (1268, 'Penalva', 'MA'),
    (1269, 'Peri Mirim', 'MA'),
    (1270, 'Peritoró', 'MA'),
    (1271, 'Pindaré-Mirim', 'MA'),
    (1272, 'Pinheiro', 'MA'),
    (1273, 'Pio XII', 'MA'),
    (1274, 'Pirapemas', 'MA'),
    (1275, 'Poção de Pedras', 'MA'),
    (1276, 'Porto Franco', 'MA'),
    (1277, 'Porto Rico do Maranhão', 'MA'),
    (1278, 'Presidente Dutra', 'MA'),
    (1279, 'Presidente Juscelino', 'MA'),
    (1280, 'Presidente Médici', 'MA'),
    (1281, 'Presidente Sarney', 'MA'),
    (1282, 'Presidente Vargas', 'MA'),
    (1283, 'Primeira Cruz', 'MA'),
    (1284, 'Raposa', 'MA'),
    (1285, 'Riachão', 'MA'),
    (1286, 'Ribamar Fiquene', 'MA'),
    (1287, 'Rosário', 'MA'),
    (1288, 'Sambaíba', 'MA'),
    (1289, 'Santa Filomena do Maranhão', 'MA'),
    (1290, 'Santa Helena', 'MA'),
    (1291, 'Santa Inês', 'MA'),
    (1292, 'Santa Luzia', 'MA'),
    (1293, 'Santa Luzia do Paruá', 'MA'),
    (1294, 'Santa Quitéria do Maranhão', 'MA'),
    (1295, 'Santa Rita', 'MA'),
    (1296, 'Santana do Maranhão', 'MA'),
    (1297, 'Santo Amaro do Maranhão', 'MA'),
    (1298, 'Santo Antônio dos Lopes', 'MA'),
    (1299, 'São Benedito do Rio Preto', 'MA'),
    (1300, 'São Bento', 'MA'),
    (1301, 'São Bernardo', 'MA'),
    (1302, 'São Domingos do Azeitão', 'MA'),
    (1303, 'São Domingos do Maranhão', 'MA'),
    (1304, 'São Félix de Balsas', 'MA'),
    (1305, 'São Francisco do Brejão', 'MA'),
    (1306, 'São Francisco do Maranhão', 'MA'),
    (1307, 'São João Batista', 'MA'),
    (1308, 'São João do Carú', 'MA'),
    (1309, 'São João do Paraíso', 'MA'),
    (1310, 'São João do Soter', 'MA'),
    (1311, 'São João dos Patos', 'MA'),
    (1312, 'São José de Ribamar', 'MA'),
    (1313, 'São José dos Basílios', 'MA'),
    (1314, 'São Luís', 'MA'),
    (1315, 'São Luís Gonzaga do Maranhão', 'MA'),
    (1316, 'São Mateus do Maranhão', 'MA'),
    (1317, 'São Pedro da Água Branca', 'MA'),
    (1318, 'São Pedro dos Crentes', 'MA'),
    (1319, 'São Raimundo das Mangabeiras', 'MA'),
    (1320, 'São Raimundo do Doca Bezerra', 'MA'),
    (1321, 'São Roberto', 'MA'),
    (1322, 'São Vicente Ferrer', 'MA'),
    (1323, 'Satubinha', 'MA'),
    (1324, 'Senador Alexandre Costa', 'MA'),
    (1325, 'Senador La Rocque', 'MA'),
    (1326, 'Serrano do Maranhão', 'MA'),
    (1327, 'Sítio Novo', 'MA'),
    (1328, 'Sucupira do Norte', 'MA'),
    (1329, 'Sucupira do Riachão', 'MA'),
    (1330, 'Tasso Fragoso', 'MA'),
    (1331, 'Timbiras', 'MA'),
    (1332, 'Timon', 'MA'),
    (1333, 'Trizidela do Vale', 'MA'),
    (1334, 'Tufilândia', 'MA'),
    (1335, 'Tuntum', 'MA'),
    (1336, 'Turiaçu', 'MA'),
    (1337, 'Turilândia', 'MA'),
    (1338, 'Tutóia', 'MA'),
    (1339, 'Urbano Santos', 'MA'),
    (1340, 'Vargem Grande', 'MA'),
    (1341, 'Viana', 'MA'),
    (1342, 'Vila Nova dos Martírios', 'MA'),
    (1343, 'Vitória do Mearim', 'MA'),
    (1344, 'Vitorino Freire', 'MA'),
    (1345, 'Zé Doca', 'MA'),
    (1346, 'Acorizal', 'MT'),
    (1347, 'Água Boa', 'MT'),
    (1348, 'Alta Floresta', 'MT'),
    (1349, 'Alto Araguaia', 'MT'),
    (1350, 'Alto Boa Vista', 'MT'),
    (1351, 'Alto Garças', 'MT'),
    (1352, 'Alto Paraguai', 'MT'),
    (1353, 'Alto Taquari', 'MT'),
    (1354, 'Apiacás', 'MT'),
    (1355, 'Araguaiana', 'MT'),
    (1356, 'Araguainha', 'MT'),
    (1357, 'Araputanga', 'MT'),
    (1358, 'Arenápolis', 'MT'),
    (1359, 'Aripuanã', 'MT'),
    (1360, 'Barão de Melgaço', 'MT'),
    (1361, 'Barra do Bugres', 'MT'),
    (1362, 'Barra do Garças', 'MT'),
    (1363, 'Bom Jesus do Araguaia', 'MT'),
    (1364, 'Brasnorte', 'MT'),
    (1365, 'Cáceres', 'MT'),
    (1366, 'Campinápolis', 'MT'),
    (1367, 'Campo Novo do Parecis', 'MT'),
    (1368, 'Campo Verde', 'MT'),
    (1369, 'Campos de Júlio', 'MT'),
    (1370, 'Canabrava do Norte', 'MT'),
    (1371, 'Canarana', 'MT'),
    (1372, 'Carlinda', 'MT'),
    (1373, 'Castanheira', 'MT'),
    (1374, 'Chapada dos Guimarães', 'MT'),
    (1375, 'Cláudia', 'MT'),
    (1376, 'Cocalinho', 'MT'),
    (1377, 'Colíder', 'MT'),
    (1378, 'Colniza', 'MT'),
    (1379, 'Comodoro', 'MT'),
    (1380, 'Confresa', 'MT'),
    (1381, 'Conquista d`Oeste', 'MT'),
    (1382, 'Cotriguaçu', 'MT'),
    (1383, 'Cuiabá', 'MT'),
    (1384, 'Curvelândia', 'MT'),
    (1385, 'Curvelândia', 'MT'),
    (1386, 'Denise', 'MT'),
    (1387, 'Diamantino', 'MT'),
    (1388, 'Dom Aquino', 'MT'),
    (1389, 'Feliz Natal', 'MT'),
    (1390, 'Figueirópolis d`Oeste', 'MT'),
    (1391, 'Gaúcha do Norte', 'MT'),
    (1392, 'General Carneiro', 'MT'),
    (1393, 'Glória d`Oeste', 'MT'),
    (1394, 'Guarantã do Norte', 'MT'),
    (1395, 'Guiratinga', 'MT'),
    (1396, 'Indiavaí', 'MT'),
    (1397, 'Ipiranga do Norte', 'MT'),
    (1398, 'Itanhangá', 'MT'),
    (1399, 'Itaúba', 'MT'),
    (1400, 'Itiquira', 'MT'),
    (1401, 'Jaciara', 'MT'),
    (1402, 'Jangada', 'MT'),
    (1403, 'Jauru', 'MT'),
    (1404, 'Juara', 'MT'),
    (1405, 'Juína', 'MT'),
    (1406, 'Juruena', 'MT'),
    (1407, 'Juscimeira', 'MT'),
    (1408, 'Lambari d`Oeste', 'MT'),
    (1409, 'Lucas do Rio Verde', 'MT'),
    (1410, 'Luciára', 'MT'),
    (1411, 'Marcelândia', 'MT'),
    (1412, 'Matupá', 'MT'),
    (1413, 'Mirassol d`Oeste', 'MT'),
    (1414, 'Nobres', 'MT'),
    (1415, 'Nortelândia', 'MT'),
    (1416, 'Nossa Senhora do Livramento', 'MT'),
    (1417, 'Nova Bandeirantes', 'MT'),
    (1418, 'Nova Brasilândia', 'MT'),
    (1419, 'Nova Canaã do Norte', 'MT'),
    (1420, 'Nova Guarita', 'MT'),
    (1421, 'Nova Lacerda', 'MT'),
    (1422, 'Nova Marilândia', 'MT'),
    (1423, 'Nova Maringá', 'MT'),
    (1424, 'Nova Monte verde', 'MT'),
    (1425, 'Nova Mutum', 'MT'),
    (1426, 'Nova Olímpia', 'MT'),
    (1427, 'Nova Santa Helena', 'MT'),
    (1428, 'Nova Ubiratã', 'MT'),
    (1429, 'Nova Xavantina', 'MT'),
    (1430, 'Novo Horizonte do Norte', 'MT'),
    (1431, 'Novo Mundo', 'MT'),
    (1432, 'Novo Santo Antônio', 'MT'),
    (1433, 'Novo São Joaquim', 'MT'),
    (1434, 'Paranaíta', 'MT'),
    (1435, 'Paranatinga', 'MT'),
    (1436, 'Pedra Preta', 'MT'),
    (1437, 'Peixoto de Azevedo', 'MT'),
    (1438, 'Planalto da Serra', 'MT'),
    (1439, 'Poconé', 'MT'),
    (1440, 'Pontal do Araguaia', 'MT'),
    (1441, 'Ponte Branca', 'MT'),
    (1442, 'Pontes e Lacerda', 'MT'),
    (1443, 'Porto Alegre do Norte', 'MT'),
    (1444, 'Porto dos Gaúchos', 'MT'),
    (1445, 'Porto Esperidião', 'MT'),
    (1446, 'Porto Estrela', 'MT'),
    (1447, 'Poxoréo', 'MT'),
    (1448, 'Primavera do Leste', 'MT'),
    (1449, 'Querência', 'MT'),
    (1450, 'Reserva do Cabaçal', 'MT'),
    (1451, 'Ribeirão Cascalheira', 'MT'),
    (1452, 'Ribeirãozinho', 'MT'),
    (1453, 'Rio Branco', 'MT'),
    (1454, 'Rondolândia', 'MT'),
    (1455, 'Rondonópolis', 'MT'),
    (1456, 'Rosário Oeste', 'MT'),
    (1457, 'Salto do Céu', 'MT'),
    (1458, 'Santa Carmem', 'MT'),
    (1459, 'Santa Cruz do Xingu', 'MT'),
    (1460, 'Santa Rita do Trivelato', 'MT'),
    (1461, 'Santa Terezinha', 'MT'),
    (1462, 'Santo Afonso', 'MT'),
    (1463, 'Santo Antônio do Leste', 'MT'),
    (1464, 'Santo Antônio do Leverger', 'MT'),
    (1465, 'São Félix do Araguaia', 'MT'),
    (1466, 'São José do Povo', 'MT'),
    (1467, 'São José do Rio Claro', 'MT'),
    (1468, 'São José do Xingu', 'MT'),
    (1469, 'São José dos Quatro Marcos', 'MT'),
    (1470, 'São Pedro da Cipa', 'MT'),
    (1471, 'Sapezal', 'MT'),
    (1472, 'Serra Nova Dourada', 'MT'),
    (1473, 'Sinop', 'MT'),
    (1474, 'Sorriso', 'MT'),
    (1475, 'Tabaporã', 'MT'),
    (1476, 'Tangará da Serra', 'MT'),
    (1477, 'Tapurah', 'MT'),
    (1478, 'Terra Nova do Norte', 'MT'),
    (1479, 'Tesouro', 'MT'),
    (1480, 'Torixoréu', 'MT'),
    (1481, 'União do Sul', 'MT'),
    (1482, 'Vale de São Domingos', 'MT'),
    (1483, 'Várzea Grande', 'MT'),
    (1484, 'Vera', 'MT'),
    (1485, 'Vila Bela da Santíssima Trindade', 'MT'),
    (1486, 'Vila Rica', 'MT'),
    (1487, 'Água Clara', 'MS'),
    (1488, 'Alcinópolis', 'MS'),
    (1489, 'Amambaí', 'MS'),
    (1490, 'Anastácio', 'MS'),
    (1491, 'Anaurilândia', 'MS'),
    (1492, 'Angélica', 'MS'),
    (1493, 'Antônio João', 'MS'),
    (1494, 'Aparecida do Taboado', 'MS'),
    (1495, 'Aquidauana', 'MS'),
    (1496, 'Aral Moreira', 'MS'),
    (1497, 'Bandeirantes', 'MS'),
    (1498, 'Bataguassu', 'MS'),
    (1499, 'Bataiporã', 'MS'),
    (1500, 'Bela Vista', 'MS'),
    (1501, 'Bodoquena', 'MS'),
    (1502, 'Bonito', 'MS'),
    (1503, 'Brasilândia', 'MS'),
    (1504, 'Caarapó', 'MS'),
    (1505, 'Camapuã', 'MS'),
    (1506, 'Campo Grande', 'MS'),
    (1507, 'Caracol', 'MS'),
    (1508, 'Cassilândia', 'MS'),
    (1509, 'Chapadão do Sul', 'MS'),
    (1510, 'Corguinho', 'MS'),
    (1511, 'Coronel Sapucaia', 'MS'),
    (1512, 'Corumbá', 'MS'),
    (1513, 'Costa Rica', 'MS'),
    (1514, 'Coxim', 'MS'),
    (1515, 'Deodápolis', 'MS'),
    (1516, 'Dois Irmãos do Buriti', 'MS'),
    (1517, 'Douradina', 'MS'),
    (1518, 'Dourados', 'MS'),
    (1519, 'Eldorado', 'MS'),
    (1520, 'Fátima do Sul', 'MS'),
    (1521, 'Figueirão', 'MS'),
    (1522, 'Glória de Dourados', 'MS'),
    (1523, 'Guia Lopes da Laguna', 'MS'),
    (1524, 'Iguatemi', 'MS'),
    (1525, 'Inocência', 'MS'),
    (1526, 'Itaporã', 'MS'),
    (1527, 'Itaquiraí', 'MS'),
    (1528, 'Ivinhema', 'MS'),
    (1529, 'Japorã', 'MS'),
    (1530, 'Jaraguari', 'MS'),
    (1531, 'Jardim', 'MS'),
    (1532, 'Jateí', 'MS'),
    (1533, 'Juti', 'MS'),
    (1534, 'Ladário', 'MS'),
    (1535, 'Laguna Carapã', 'MS'),
    (1536, 'Maracaju', 'MS'),
    (1537, 'Miranda', 'MS'),
    (1538, 'Mundo Novo', 'MS'),
    (1539, 'Naviraí', 'MS'),
    (1540, 'Nioaque', 'MS'),
    (1541, 'Nova Alvorada do Sul', 'MS'),
    (1542, 'Nova Andradina', 'MS'),
    (1543, 'Novo Horizonte do Sul', 'MS'),
    (1544, 'Paranaíba', 'MS'),
    (1545, 'Paranhos', 'MS'),
    (1546, 'Pedro Gomes', 'MS'),
    (1547, 'Ponta Porã', 'MS'),
    (1548, 'Porto Murtinho', 'MS'),
    (1549, 'Ribas do Rio Pardo', 'MS'),
    (1550, 'Rio Brilhante', 'MS'),
    (1551, 'Rio Negro', 'MS'),
    (1552, 'Rio Verde de Mato Grosso', 'MS'),
    (1553, 'Rochedo', 'MS'),
    (1554, 'Santa Rita do Pardo', 'MS'),
    (1555, 'São Gabriel do Oeste', 'MS'),
    (1556, 'Selvíria', 'MS'),
    (1557, 'Sete Quedas', 'MS'),
    (1558, 'Sidrolândia', 'MS'),
    (1559, 'Sonora', 'MS'),
    (1560, 'Tacuru', 'MS'),
    (1561, 'Taquarussu', 'MS'),
    (1562, 'Terenos', 'MS'),
    (1563, 'Três Lagoas', 'MS'),
    (1564, 'Vicentina', 'MS'),
    (1565, 'Abadia dos Dourados', 'MG'),
    (1566, 'Abaeté', 'MG'),
    (1567, 'Abre Campo', 'MG'),
    (1568, 'Acaiaca', 'MG'),
    (1569, 'Açucena', 'MG'),
    (1570, 'Água Boa', 'MG'),
    (1571, 'Água Comprida', 'MG'),
    (1572, 'Aguanil', 'MG'),
    (1573, 'Águas Formosas', 'MG'),
    (1574, 'Águas Vermelhas', 'MG'),
    (1575, 'Aimorés', 'MG'),
    (1576, 'Aiuruoca', 'MG'),
    (1577, 'Alagoa', 'MG'),
    (1578, 'Albertina', 'MG'),
    (1579, 'Além Paraíba', 'MG'),
    (1580, 'Alfenas', 'MG'),
    (1581, 'Alfredo Vasconcelos', 'MG'),
    (1582, 'Almenara', 'MG'),
    (1583, 'Alpercata', 'MG'),
    (1584, 'Alpinópolis', 'MG'),
    (1585, 'Alterosa', 'MG'),
    (1586, 'Alto Caparaó', 'MG'),
    (1587, 'Alto Jequitibá', 'MG'),
    (1588, 'Alto Rio Doce', 'MG'),
    (1589, 'Alvarenga', 'MG'),
    (1590, 'Alvinópolis', 'MG'),
    (1591, 'Alvorada de Minas', 'MG'),
    (1592, 'Amparo do Serra', 'MG'),
    (1593, 'Andradas', 'MG'),
    (1594, 'Andrelândia', 'MG'),
    (1595, 'Angelândia', 'MG'),
    (1596, 'Antônio Carlos', 'MG'),
    (1597, 'Antônio Dias', 'MG'),
    (1598, 'Antônio Prado de Minas', 'MG'),
    (1599, 'Araçaí', 'MG'),
    (1600, 'Aracitaba', 'MG'),
    (1601, 'Araçuaí', 'MG'),
    (1602, 'Araguari', 'MG'),
    (1603, 'Arantina', 'MG'),
    (1604, 'Araponga', 'MG'),
    (1605, 'Araporã', 'MG'),
    (1606, 'Arapuá', 'MG'),
    (1607, 'Araújos', 'MG'),
    (1608, 'Araxá', 'MG'),
    (1609, 'Arceburgo', 'MG'),
    (1610, 'Arcos', 'MG'),
    (1611, 'Areado', 'MG'),
    (1612, 'Argirita', 'MG'),
    (1613, 'Aricanduva', 'MG'),
    (1614, 'Arinos', 'MG'),
    (1615, 'Astolfo Dutra', 'MG'),
    (1616, 'Ataléia', 'MG'),
    (1617, 'Augusto de Lima', 'MG'),
    (1618, 'Baependi', 'MG'),
    (1619, 'Baldim', 'MG'),
    (1620, 'Bambuí', 'MG'),
    (1621, 'Bandeira', 'MG'),
    (1622, 'Bandeira do Sul', 'MG'),
    (1623, 'Barão de Cocais', 'MG'),
    (1624, 'Barão de Monte Alto', 'MG'),
    (1625, 'Barbacena', 'MG'),
    (1626, 'Barra Longa', 'MG'),
    (1627, 'Barroso', 'MG'),
    (1628, 'Bela Vista de Minas', 'MG'),
    (1629, 'Belmiro Braga', 'MG'),
    (1630, 'Belo Horizonte', 'MG'),
    (1631, 'Belo Oriente', 'MG'),
    (1632, 'Belo Vale', 'MG'),
    (1633, 'Berilo', 'MG'),
    (1634, 'Berizal', 'MG'),
    (1635, 'Bertópolis', 'MG'),
    (1636, 'Betim', 'MG'),
    (1637, 'Bias Fortes', 'MG'),
    (1638, 'Bicas', 'MG'),
    (1639, 'Biquinhas', 'MG'),
    (1640, 'Boa Esperança', 'MG'),
    (1641, 'Bocaina de Minas', 'MG'),
    (1642, 'Bocaiúva', 'MG'),
    (1643, 'Bom Despacho', 'MG'),
    (1644, 'Bom Jardim de Minas', 'MG'),
    (1645, 'Bom Jesus da Penha', 'MG'),
    (1646, 'Bom Jesus do Amparo', 'MG'),
    (1647, 'Bom Jesus do Galho', 'MG'),
    (1648, 'Bom Repouso', 'MG'),
    (1649, 'Bom Sucesso', 'MG'),
    (1650, 'Bonfim', 'MG'),
    (1651, 'Bonfinópolis de Minas', 'MG'),
    (1652, 'Bonito de Minas', 'MG'),
    (1653, 'Borda da Mata', 'MG'),
    (1654, 'Botelhos', 'MG'),
    (1655, 'Botumirim', 'MG'),
    (1656, 'Brás Pires', 'MG'),
    (1657, 'Brasilândia de Minas', 'MG'),
    (1658, 'Brasília de Minas', 'MG'),
    (1659, 'Brasópolis', 'MG'),
    (1660, 'Braúnas', 'MG'),
    (1661, 'Brumadinho', 'MG'),
    (1662, 'Bueno Brandão', 'MG'),
    (1663, 'Buenópolis', 'MG'),
    (1664, 'Bugre', 'MG'),
    (1665, 'Buritis', 'MG'),
    (1666, 'Buritizeiro', 'MG'),
    (1667, 'Cabeceira Grande', 'MG'),
    (1668, 'Cabo Verde', 'MG'),
    (1669, 'Cachoeira da Prata', 'MG'),
    (1670, 'Cachoeira de Minas', 'MG'),
    (1671, 'Cachoeira de Pajeú', 'MG'),
    (1672, 'Cachoeira Dourada', 'MG'),
    (1673, 'Caetanópolis', 'MG'),
    (1674, 'Caeté', 'MG'),
    (1675, 'Caiana', 'MG'),
    (1676, 'Cajuri', 'MG'),
    (1677, 'Caldas', 'MG'),
    (1678, 'Camacho', 'MG'),
    (1679, 'Camanducaia', 'MG'),
    (1680, 'Cambuí', 'MG'),
    (1681, 'Cambuquira', 'MG'),
    (1682, 'Campanário', 'MG'),
    (1683, 'Campanha', 'MG'),
    (1684, 'Campestre', 'MG'),
    (1685, 'Campina Verde', 'MG'),
    (1686, 'Campo Azul', 'MG'),
    (1687, 'Campo Belo', 'MG'),
    (1688, 'Campo do Meio', 'MG'),
    (1689, 'Campo Florido', 'MG'),
    (1690, 'Campos Altos', 'MG'),
    (1691, 'Campos Gerais', 'MG'),
    (1692, 'Cana Verde', 'MG'),
    (1693, 'Canaã', 'MG'),
    (1694, 'Canápolis', 'MG'),
    (1695, 'Candeias', 'MG'),
    (1696, 'Cantagalo', 'MG'),
    (1697, 'Caparaó', 'MG'),
    (1698, 'Capela Nova', 'MG'),
    (1699, 'Capelinha', 'MG'),
    (1700, 'Capetinga', 'MG'),
    (1701, 'Capim Branco', 'MG'),
    (1702, 'Capinópolis', 'MG'),
    (1703, 'Capitão Andrade', 'MG'),
    (1704, 'Capitão Enéas', 'MG'),
    (1705, 'Capitólio', 'MG'),
    (1706, 'Caputira', 'MG'),
    (1707, 'Caraí', 'MG'),
    (1708, 'Caranaíba', 'MG'),
    (1709, 'Carandaí', 'MG'),
    (1710, 'Carangola', 'MG'),
    (1711, 'Caratinga', 'MG'),
    (1712, 'Carbonita', 'MG'),
    (1713, 'Careaçu', 'MG'),
    (1714, 'Carlos Chagas', 'MG'),
    (1715, 'Carmésia', 'MG'),
    (1716, 'Carmo da Cachoeira', 'MG'),
    (1717, 'Carmo da Mata', 'MG'),
    (1718, 'Carmo de Minas', 'MG'),
    (1719, 'Carmo do Cajuru', 'MG'),
    (1720, 'Carmo do Paranaíba', 'MG'),
    (1721, 'Carmo do Rio Claro', 'MG'),
    (1722, 'Carmópolis de Minas', 'MG'),
    (1723, 'Carneirinho', 'MG'),
    (1724, 'Carrancas', 'MG'),
    (1725, 'Carvalhópolis', 'MG'),
    (1726, 'Carvalhos', 'MG'),
    (1727, 'Casa Grande', 'MG'),
    (1728, 'Cascalho Rico', 'MG'),
    (1729, 'Cássia', 'MG'),
    (1730, 'Cataguases', 'MG'),
    (1731, 'Catas Altas', 'MG'),
    (1732, 'Catas Altas da Noruega', 'MG'),
    (1733, 'Catuji', 'MG'),
    (1734, 'Catuti', 'MG'),
    (1735, 'Caxambu', 'MG'),
    (1736, 'Cedro do Abaeté', 'MG'),
    (1737, 'Central de Minas', 'MG'),
    (1738, 'Centralina', 'MG'),
    (1739, 'Chácara', 'MG'),
    (1740, 'Chalé', 'MG'),
    (1741, 'Chapada do Norte', 'MG'),
    (1742, 'Chapada Gaúcha', 'MG'),
    (1743, 'Chiador', 'MG'),
    (1744, 'Cipotânea', 'MG'),
    (1745, 'Claraval', 'MG'),
    (1746, 'Claro dos Poções', 'MG'),
    (1747, 'Cláudio', 'MG'),
    (1748, 'Coimbra', 'MG'),
    (1749, 'Coluna', 'MG'),
    (1750, 'Comendador Gomes', 'MG'),
    (1751, 'Comercinho', 'MG'),
    (1752, 'Conceição da Aparecida', 'MG'),
    (1753, 'Conceição da Barra de Minas', 'MG'),
    (1754, 'Conceição das Alagoas', 'MG'),
    (1755, 'Conceição das Pedras', 'MG'),
    (1756, 'Conceição de Ipanema', 'MG'),
    (1757, 'Conceição do Mato Dentro', 'MG'),
    (1758, 'Conceição do Pará', 'MG'),
    (1759, 'Conceição do Rio Verde', 'MG'),
    (1760, 'Conceição dos Ouros', 'MG'),
    (1761, 'Cônego Marinho', 'MG'),
    (1762, 'Confins', 'MG'),
    (1763, 'Congonhal', 'MG'),
    (1764, 'Congonhas', 'MG'),
    (1765, 'Congonhas do Norte', 'MG'),
    (1766, 'Conquista', 'MG'),
    (1767, 'Conselheiro Lafaiete', 'MG'),
    (1768, 'Conselheiro Pena', 'MG'),
    (1769, 'Consolação', 'MG'),
    (1770, 'Contagem', 'MG'),
    (1771, 'Coqueiral', 'MG'),
    (1772, 'Coração de Jesus', 'MG'),
    (1773, 'Cordisburgo', 'MG'),
    (1774, 'Cordislândia', 'MG'),
    (1775, 'Corinto', 'MG'),
    (1776, 'Coroaci', 'MG'),
    (1777, 'Coromandel', 'MG'),
    (1778, 'Coronel Fabriciano', 'MG'),
    (1779, 'Coronel Murta', 'MG'),
    (1780, 'Coronel Pacheco', 'MG'),
    (1781, 'Coronel Xavier Chaves', 'MG'),
    (1782, 'Córrego Danta', 'MG'),
    (1783, 'Córrego do Bom Jesus', 'MG'),
    (1784, 'Córrego Fundo', 'MG'),
    (1785, 'Córrego Novo', 'MG'),
    (1786, 'Couto de Magalhães de Minas', 'MG'),
    (1787, 'Crisólita', 'MG'),
    (1788, 'Cristais', 'MG'),
    (1789, 'Cristália', 'MG'),
    (1790, 'Cristiano Otoni', 'MG'),
    (1791, 'Cristina', 'MG'),
    (1792, 'Crucilândia', 'MG'),
    (1793, 'Cruzeiro da Fortaleza', 'MG'),
    (1794, 'Cruzília', 'MG'),
    (1795, 'Cuparaque', 'MG'),
    (1796, 'Curral de Dentro', 'MG'),
    (1797, 'Curvelo', 'MG'),
    (1798, 'Datas', 'MG'),
    (1799, 'Delfim Moreira', 'MG'),
    (1800, 'Delfinópolis', 'MG'),
    (1801, 'Delta', 'MG'),
    (1802, 'Descoberto', 'MG'),
    (1803, 'Desterro de Entre Rios', 'MG'),
    (1804, 'Desterro do Melo', 'MG'),
    (1805, 'Diamantina', 'MG'),
    (1806, 'Diogo de Vasconcelos', 'MG'),
    (1807, 'Dionísio', 'MG'),
    (1808, 'Divinésia', 'MG'),
    (1809, 'Divino', 'MG'),
    (1810, 'Divino das Laranjeiras', 'MG'),
    (1811, 'Divinolândia de Minas', 'MG'),
    (1812, 'Divinópolis', 'MG'),
    (1813, 'Divisa Alegre', 'MG'),
    (1814, 'Divisa Nova', 'MG'),
    (1815, 'Divisópolis', 'MG'),
    (1816, 'Dom Bosco', 'MG'),
    (1817, 'Dom Cavati', 'MG'),
    (1818, 'Dom Joaquim', 'MG'),
    (1819, 'Dom Silvério', 'MG'),
    (1820, 'Dom Viçoso', 'MG'),
    (1821, 'Dona Eusébia', 'MG'),
    (1822, 'Dores de Campos', 'MG'),
    (1823, 'Dores de Guanhães', 'MG'),
    (1824, 'Dores do Indaiá', 'MG'),
    (1825, 'Dores do Turvo', 'MG'),
    (1826, 'Doresópolis', 'MG'),
    (1827, 'Douradoquara', 'MG'),
    (1828, 'Durandé', 'MG'),
    (1829, 'Elói Mendes', 'MG'),
    (1830, 'Engenheiro Caldas', 'MG'),
    (1831, 'Engenheiro Navarro', 'MG'),
    (1832, 'Entre Folhas', 'MG'),
    (1833, 'Entre Rios de Minas', 'MG'),
    (1834, 'Ervália', 'MG'),
    (1835, 'Esmeraldas', 'MG'),
    (1836, 'Espera Feliz', 'MG'),
    (1837, 'Espinosa', 'MG'),
    (1838, 'Espírito Santo do Dourado', 'MG'),
    (1839, 'Estiva', 'MG'),
    (1840, 'Estrela Dalva', 'MG'),
    (1841, 'Estrela do Indaiá', 'MG'),
    (1842, 'Estrela do Sul', 'MG'),
    (1843, 'Eugenópolis', 'MG'),
    (1844, 'Ewbank da Câmara', 'MG'),
    (1845, 'Extrema', 'MG'),
    (1846, 'Fama', 'MG'),
    (1847, 'Faria Lemos', 'MG'),
    (1848, 'Felício dos Santos', 'MG'),
    (1849, 'Felisburgo', 'MG'),
    (1850, 'Felixlândia', 'MG'),
    (1851, 'Fernandes Tourinho', 'MG'),
    (1852, 'Ferros', 'MG'),
    (1853, 'Fervedouro', 'MG'),
    (1854, 'Florestal', 'MG'),
    (1855, 'Formiga', 'MG'),
    (1856, 'Formoso', 'MG'),
    (1857, 'Fortaleza de Minas', 'MG'),
    (1858, 'Fortuna de Minas', 'MG'),
    (1859, 'Francisco Badaró', 'MG'),
    (1860, 'Francisco Dumont', 'MG'),
    (1861, 'Francisco Sá', 'MG'),
    (1862, 'Franciscópolis', 'MG'),
    (1863, 'Frei Gaspar', 'MG'),
    (1864, 'Frei Inocêncio', 'MG'),
    (1865, 'Frei Lagonegro', 'MG'),
    (1866, 'Fronteira', 'MG'),
    (1867, 'Fronteira dos Vales', 'MG'),
    (1868, 'Fruta de Leite', 'MG'),
    (1869, 'Frutal', 'MG'),
    (1870, 'Funilândia', 'MG'),
    (1871, 'Galiléia', 'MG'),
    (1872, 'Gameleiras', 'MG'),
    (1873, 'Glaucilândia', 'MG'),
    (1874, 'Goiabeira', 'MG'),
    (1875, 'Goianá', 'MG'),
    (1876, 'Gonçalves', 'MG'),
    (1877, 'Gonzaga', 'MG'),
    (1878, 'Gouveia', 'MG'),
    (1879, 'Governador Valadares', 'MG'),
    (1880, 'Grão Mogol', 'MG'),
    (1881, 'Grupiara', 'MG'),
    (1882, 'Guanhães', 'MG'),
    (1883, 'Guapé', 'MG'),
    (1884, 'Guaraciaba', 'MG'),
    (1885, 'Guaraciama', 'MG'),
    (1886, 'Guaranésia', 'MG'),
    (1887, 'Guarani', 'MG'),
    (1888, 'Guarará', 'MG'),
    (1889, 'Guarda-Mor', 'MG'),
    (1890, 'Guaxupé', 'MG'),
    (1891, 'Guidoval', 'MG'),
    (1892, 'Guimarânia', 'MG'),
    (1893, 'Guiricema', 'MG'),
    (1894, 'Gurinhatã', 'MG'),
    (1895, 'Heliodora', 'MG'),
    (1896, 'Iapu', 'MG'),
    (1897, 'Ibertioga', 'MG'),
    (1898, 'Ibiá', 'MG'),
    (1899, 'Ibiaí', 'MG'),
    (1900, 'Ibiracatu', 'MG'),
    (1901, 'Ibiraci', 'MG'),
    (1902, 'Ibirité', 'MG'),
    (1903, 'Ibitiúra de Minas', 'MG'),
    (1904, 'Ibituruna', 'MG'),
    (1905, 'Icaraí de Minas', 'MG'),
    (1906, 'Igarapé', 'MG'),
    (1907, 'Igaratinga', 'MG'),
    (1908, 'Iguatama', 'MG'),
    (1909, 'Ijaci', 'MG'),
    (1910, 'Ilicínea', 'MG'),
    (1911, 'Imbé de Minas', 'MG'),
    (1912, 'Inconfidentes', 'MG'),
    (1913, 'Indaiabira', 'MG'),
    (1914, 'Indianópolis', 'MG'),
    (1915, 'Ingaí', 'MG'),
    (1916, 'Inhapim', 'MG'),
    (1917, 'Inhaúma', 'MG'),
    (1918, 'Inimutaba', 'MG'),
    (1919, 'Ipaba', 'MG'),
    (1920, 'Ipanema', 'MG'),
    (1921, 'Ipatinga', 'MG'),
    (1922, 'Ipiaçu', 'MG'),
    (1923, 'Ipuiúna', 'MG'),
    (1924, 'Iraí de Minas', 'MG'),
    (1925, 'Itabira', 'MG'),
    (1926, 'Itabirinha de Mantena', 'MG'),
    (1927, 'Itabirito', 'MG'),
    (1928, 'Itacambira', 'MG'),
    (1929, 'Itacarambi', 'MG'),
    (1930, 'Itaguara', 'MG'),
    (1931, 'Itaipé', 'MG'),
    (1932, 'Itajubá', 'MG'),
    (1933, 'Itamarandiba', 'MG'),
    (1934, 'Itamarati de Minas', 'MG'),
    (1935, 'Itambacuri', 'MG'),
    (1936, 'Itambé do Mato Dentro', 'MG'),
    (1937, 'Itamogi', 'MG'),
    (1938, 'Itamonte', 'MG'),
    (1939, 'Itanhandu', 'MG'),
    (1940, 'Itanhomi', 'MG'),
    (1941, 'Itaobim', 'MG'),
    (1942, 'Itapagipe', 'MG'),
    (1943, 'Itapecerica', 'MG'),
    (1944, 'Itapeva', 'MG'),
    (1945, 'Itatiaiuçu', 'MG'),
    (1946, 'Itaú de Minas', 'MG'),
    (1947, 'Itaúna', 'MG'),
    (1948, 'Itaverava', 'MG'),
    (1949, 'Itinga', 'MG'),
    (1950, 'Itueta', 'MG'),
    (1951, 'Ituiutaba', 'MG'),
    (1952, 'Itumirim', 'MG'),
    (1953, 'Iturama', 'MG'),
    (1954, 'Itutinga', 'MG'),
    (1955, 'Jaboticatubas', 'MG'),
    (1956, 'Jacinto', 'MG'),
    (1957, 'Jacuí', 'MG'),
    (1958, 'Jacutinga', 'MG'),
    (1959, 'Jaguaraçu', 'MG'),
    (1960, 'Jaíba', 'MG'),
    (1961, 'Jampruca', 'MG'),
    (1962, 'Janaúba', 'MG'),
    (1963, 'Januária', 'MG'),
    (1964, 'Japaraíba', 'MG'),
    (1965, 'Japonvar', 'MG'),
    (1966, 'Jeceaba', 'MG'),
    (1967, 'Jenipapo de Minas', 'MG'),
    (1968, 'Jequeri', 'MG'),
    (1969, 'Jequitaí', 'MG'),
    (1970, 'Jequitibá', 'MG'),
    (1971, 'Jequitinhonha', 'MG'),
    (1972, 'Jesuânia', 'MG'),
    (1973, 'Joaíma', 'MG'),
    (1974, 'Joanésia', 'MG'),
    (1975, 'João Monlevade', 'MG'),
    (1976, 'João Pinheiro', 'MG'),
    (1977, 'Joaquim Felício', 'MG'),
    (1978, 'Jordânia', 'MG'),
    (1979, 'José Gonçalves de Minas', 'MG'),
    (1980, 'José Raydan', 'MG'),
    (1981, 'Josenópolis', 'MG'),
    (1982, 'Juatuba', 'MG'),
    (1983, 'Juiz de Fora', 'MG'),
    (1984, 'Juramento', 'MG'),
    (1985, 'Juruaia', 'MG'),
    (1986, 'Juvenília', 'MG'),
    (1987, 'Ladainha', 'MG'),
    (1988, 'Lagamar', 'MG'),
    (1989, 'Lagoa da Prata', 'MG'),
    (1990, 'Lagoa dos Patos', 'MG'),
    (1991, 'Lagoa Dourada', 'MG'),
    (1992, 'Lagoa Formosa', 'MG'),
    (1993, 'Lagoa Grande', 'MG'),
    (1994, 'Lagoa Santa', 'MG'),
    (1995, 'Lajinha', 'MG'),
    (1996, 'Lambari', 'MG'),
    (1997, 'Lamim', 'MG'),
    (1998, 'Laranjal', 'MG'),
    (1999, 'Lassance', 'MG'),
    (2000, 'Lavras', 'MG'),
    (2001, 'Leandro Ferreira', 'MG'),
    (2002, 'Leme do Prado', 'MG'),
    (2003, 'Leopoldina', 'MG'),
    (2004, 'Liberdade', 'MG'),
    (2005, 'Lima Duarte', 'MG'),
    (2006, 'Limeira do Oeste', 'MG'),
    (2007, 'Lontra', 'MG'),
    (2008, 'Luisburgo', 'MG'),
    (2009, 'Luislândia', 'MG'),
    (2010, 'Luminárias', 'MG'),
    (2011, 'Luz', 'MG'),
    (2012, 'Machacalis', 'MG'),
    (2013, 'Machado', 'MG'),
    (2014, 'Madre de Deus de Minas', 'MG'),
    (2015, 'Malacacheta', 'MG'),
    (2016, 'Mamonas', 'MG'),
    (2017, 'Manga', 'MG'),
    (2018, 'Manhuaçu', 'MG'),
    (2019, 'Manhumirim', 'MG'),
    (2020, 'Mantena', 'MG'),
    (2021, 'Mar de Espanha', 'MG'),
    (2022, 'Maravilhas', 'MG'),
    (2023, 'Maria da Fé', 'MG'),
    (2024, 'Mariana', 'MG'),
    (2025, 'Marilac', 'MG'),
    (2026, 'Mário Campos', 'MG'),
    (2027, 'Maripá de Minas', 'MG'),
    (2028, 'Marliéria', 'MG'),
    (2029, 'Marmelópolis', 'MG'),
    (2030, 'Martinho Campos', 'MG'),
    (2031, 'Martins Soares', 'MG'),
    (2032, 'Mata Verde', 'MG'),
    (2033, 'Materlândia', 'MG'),
    (2034, 'Mateus Leme', 'MG'),
    (2035, 'Mathias Lobato', 'MG'),
    (2036, 'Matias Barbosa', 'MG'),
    (2037, 'Matias Cardoso', 'MG'),
    (2038, 'Matipó', 'MG'),
    (2039, 'Mato Verde', 'MG'),
    (2040, 'Matozinhos', 'MG'),
    (2041, 'Matutina', 'MG'),
    (2042, 'Medeiros', 'MG'),
    (2043, 'Medina', 'MG'),
    (2044, 'Mendes Pimentel', 'MG'),
    (2045, 'Mercês', 'MG'),
    (2046, 'Mesquita', 'MG'),
    (2047, 'Minas Novas', 'MG'),
    (2048, 'Minduri', 'MG'),
    (2049, 'Mirabela', 'MG'),
    (2050, 'Miradouro', 'MG'),
    (2051, 'Miraí', 'MG'),
    (2052, 'Miravânia', 'MG'),
    (2053, 'Moeda', 'MG'),
    (2054, 'Moema', 'MG'),
    (2055, 'Monjolos', 'MG'),
    (2056, 'Monsenhor Paulo', 'MG'),
    (2057, 'Montalvânia', 'MG'),
    (2058, 'Monte Alegre de Minas', 'MG'),
    (2059, 'Monte Azul', 'MG'),
    (2060, 'Monte Belo', 'MG'),
    (2061, 'Monte Carmelo', 'MG'),
    (2062, 'Monte Formoso', 'MG'),
    (2063, 'Monte Santo de Minas', 'MG'),
    (2064, 'Monte Sião', 'MG'),
    (2065, 'Montes Claros', 'MG'),
    (2066, 'Montezuma', 'MG'),
    (2067, 'Morada Nova de Minas', 'MG'),
    (2068, 'Morro da Garça', 'MG'),
    (2069, 'Morro do Pilar', 'MG'),
    (2070, 'Munhoz', 'MG'),
    (2071, 'Muriaé', 'MG'),
    (2072, 'Mutum', 'MG'),
    (2073, 'Muzambinho', 'MG'),
    (2074, 'Nacip Raydan', 'MG'),
    (2075, 'Nanuque', 'MG'),
    (2076, 'Naque', 'MG'),
    (2077, 'Natalândia', 'MG'),
    (2078, 'Natércia', 'MG'),
    (2079, 'Nazareno', 'MG'),
    (2080, 'Nepomuceno', 'MG'),
    (2081, 'Ninheira', 'MG'),
    (2082, 'Nova Belém', 'MG'),
    (2083, 'Nova Era', 'MG'),
    (2084, 'Nova Lima', 'MG'),
    (2085, 'Nova Módica', 'MG'),
    (2086, 'Nova Ponte', 'MG'),
    (2087, 'Nova Porteirinha', 'MG'),
    (2088, 'Nova Resende', 'MG'),
    (2089, 'Nova Serrana', 'MG'),
    (2090, 'Nova União', 'MG'),
    (2091, 'Novo Cruzeiro', 'MG'),
    (2092, 'Novo Oriente de Minas', 'MG'),
    (2093, 'Novorizonte', 'MG'),
    (2094, 'Olaria', 'MG'),
    (2095, 'Olhos-d`Água', 'MG'),
    (2096, 'Olímpio Noronha', 'MG'),
    (2097, 'Oliveira', 'MG'),
    (2098, 'Oliveira Fortes', 'MG'),
    (2099, 'Onça de Pitangui', 'MG'),
    (2100, 'Oratórios', 'MG'),
    (2101, 'Orizânia', 'MG'),
    (2102, 'Ouro Branco', 'MG'),
    (2103, 'Ouro Fino', 'MG'),
    (2104, 'Ouro Preto', 'MG'),
    (2105, 'Ouro Verde de Minas', 'MG'),
    (2106, 'Padre Carvalho', 'MG'),
    (2107, 'Padre Paraíso', 'MG'),
    (2108, 'Pai Pedro', 'MG'),
    (2109, 'Paineiras', 'MG'),
    (2110, 'Pains', 'MG'),
    (2111, 'Paiva', 'MG'),
    (2112, 'Palma', 'MG'),
    (2113, 'Palmópolis', 'MG'),
    (2114, 'Papagaios', 'MG'),
    (2115, 'Pará de Minas', 'MG'),
    (2116, 'Paracatu', 'MG'),
    (2117, 'Paraguaçu', 'MG'),
    (2118, 'Paraisópolis', 'MG'),
    (2119, 'Paraopeba', 'MG'),
    (2120, 'Passa Quatro', 'MG'),
    (2121, 'Passa Tempo', 'MG'),
    (2122, 'Passabém', 'MG'),
    (2123, 'Passa-Vinte', 'MG'),
    (2124, 'Passos', 'MG'),
    (2125, 'Patis', 'MG'),
    (2126, 'Patos de Minas', 'MG'),
    (2127, 'Patrocínio', 'MG'),
    (2128, 'Patrocínio do Muriaé', 'MG'),
    (2129, 'Paula Cândido', 'MG'),
    (2130, 'Paulistas', 'MG'),
    (2131, 'Pavão', 'MG'),
    (2132, 'Peçanha', 'MG'),
    (2133, 'Pedra Azul', 'MG'),
    (2134, 'Pedra Bonita', 'MG'),
    (2135, 'Pedra do Anta', 'MG'),
    (2136, 'Pedra do Indaiá', 'MG'),
    (2137, 'Pedra Dourada', 'MG'),
    (2138, 'Pedralva', 'MG'),
    (2139, 'Pedras de Maria da Cruz', 'MG'),
    (2140, 'Pedrinópolis', 'MG'),
    (2141, 'Pedro Leopoldo', 'MG'),
    (2142, 'Pedro Teixeira', 'MG'),
    (2143, 'Pequeri', 'MG'),
    (2144, 'Pequi', 'MG'),
    (2145, 'Perdigão', 'MG'),
    (2146, 'Perdizes', 'MG'),
    (2147, 'Perdões', 'MG'),
    (2148, 'Periquito', 'MG'),
    (2149, 'Pescador', 'MG'),
    (2150, 'Piau', 'MG'),
    (2151, 'Piedade de Caratinga', 'MG'),
    (2152, 'Piedade de Ponte Nova', 'MG'),
    (2153, 'Piedade do Rio Grande', 'MG'),
    (2154, 'Piedade dos Gerais', 'MG'),
    (2155, 'Pimenta', 'MG'),
    (2156, 'Pingo-d`Água', 'MG'),
    (2157, 'Pintópolis', 'MG'),
    (2158, 'Piracema', 'MG'),
    (2159, 'Pirajuba', 'MG'),
    (2160, 'Piranga', 'MG'),
    (2161, 'Piranguçu', 'MG'),
    (2162, 'Piranguinho', 'MG'),
    (2163, 'Pirapetinga', 'MG'),
    (2164, 'Pirapora', 'MG'),
    (2165, 'Piraúba', 'MG'),
    (2166, 'Pitangui', 'MG'),
    (2167, 'Piumhi', 'MG'),
    (2168, 'Planura', 'MG'),
    (2169, 'Poço Fundo', 'MG'),
    (2170, 'Poços de Caldas', 'MG'),
    (2171, 'Pocrane', 'MG'),
    (2172, 'Pompéu', 'MG'),
    (2173, 'Ponte Nova', 'MG'),
    (2174, 'Ponto Chique', 'MG'),
    (2175, 'Ponto dos Volantes', 'MG'),
    (2176, 'Porteirinha', 'MG'),
    (2177, 'Porto Firme', 'MG'),
    (2178, 'Poté', 'MG'),
    (2179, 'Pouso Alegre', 'MG'),
    (2180, 'Pouso Alto', 'MG'),
    (2181, 'Prados', 'MG'),
    (2182, 'Prata', 'MG'),
    (2183, 'Pratápolis', 'MG'),
    (2184, 'Pratinha', 'MG'),
    (2185, 'Presidente Bernardes', 'MG'),
    (2186, 'Presidente Juscelino', 'MG'),
    (2187, 'Presidente Kubitschek', 'MG'),
    (2188, 'Presidente Olegário', 'MG'),
    (2189, 'Prudente de Morais', 'MG'),
    (2190, 'Quartel Geral', 'MG'),
    (2191, 'Queluzito', 'MG'),
    (2192, 'Raposos', 'MG'),
    (2193, 'Raul Soares', 'MG'),
    (2194, 'Recreio', 'MG'),
    (2195, 'Reduto', 'MG'),
    (2196, 'Resende Costa', 'MG'),
    (2197, 'Resplendor', 'MG'),
    (2198, 'Ressaquinha', 'MG'),
    (2199, 'Riachinho', 'MG'),
    (2200, 'Riacho dos Machados', 'MG'),
    (2201, 'Ribeirão das Neves', 'MG'),
    (2202, 'Ribeirão Vermelho', 'MG'),
    (2203, 'Rio Acima', 'MG'),
    (2204, 'Rio Casca', 'MG'),
    (2205, 'Rio do Prado', 'MG'),
    (2206, 'Rio Doce', 'MG'),
    (2207, 'Rio Espera', 'MG'),
    (2208, 'Rio Manso', 'MG'),
    (2209, 'Rio Novo', 'MG'),
    (2210, 'Rio Paranaíba', 'MG'),
    (2211, 'Rio Pardo de Minas', 'MG'),
    (2212, 'Rio Piracicaba', 'MG'),
    (2213, 'Rio Pomba', 'MG'),
    (2214, 'Rio Preto', 'MG'),
    (2215, 'Rio Vermelho', 'MG'),
    (2216, 'Ritápolis', 'MG'),
    (2217, 'Rochedo de Minas', 'MG'),
    (2218, 'Rodeiro', 'MG'),
    (2219, 'Romaria', 'MG'),
    (2220, 'Rosário da Limeira', 'MG'),
    (2221, 'Rubelita', 'MG'),
    (2222, 'Rubim', 'MG'),
    (2223, 'Sabará', 'MG'),
    (2224, 'Sabinópolis', 'MG'),
    (2225, 'Sacramento', 'MG'),
    (2226, 'Salinas', 'MG'),
    (2227, 'Salto da Divisa', 'MG'),
    (2228, 'Santa Bárbara', 'MG'),
    (2229, 'Santa Bárbara do Leste', 'MG'),
    (2230, 'Santa Bárbara do Monte Verde', 'MG'),
    (2231, 'Santa Bárbara do Tugúrio', 'MG'),
    (2232, 'Santa Cruz de Minas', 'MG'),
    (2233, 'Santa Cruz de Salinas', 'MG'),
    (2234, 'Santa Cruz do Escalvado', 'MG'),
    (2235, 'Santa Efigênia de Minas', 'MG'),
    (2236, 'Santa Fé de Minas', 'MG'),
    (2237, 'Santa Helena de Minas', 'MG'),
    (2238, 'Santa Juliana', 'MG'),
    (2239, 'Santa Luzia', 'MG'),
    (2240, 'Santa Margarida', 'MG'),
    (2241, 'Santa Maria de Itabira', 'MG'),
    (2242, 'Santa Maria do Salto', 'MG'),
    (2243, 'Santa Maria do Suaçuí', 'MG'),
    (2244, 'Santa Rita de Caldas', 'MG'),
    (2245, 'Santa Rita de Ibitipoca', 'MG'),
    (2246, 'Santa Rita de Jacutinga', 'MG'),
    (2247, 'Santa Rita de Minas', 'MG'),
    (2248, 'Santa Rita do Itueto', 'MG'),
    (2249, 'Santa Rita do Sapucaí', 'MG'),
    (2250, 'Santa Rosa da Serra', 'MG'),
    (2251, 'Santa Vitória', 'MG'),
    (2252, 'Santana da Vargem', 'MG'),
    (2253, 'Santana de Cataguases', 'MG'),
    (2254, 'Santana de Pirapama', 'MG'),
    (2255, 'Santana do Deserto', 'MG'),
    (2256, 'Santana do Garambéu', 'MG'),
    (2257, 'Santana do Jacaré', 'MG'),
    (2258, 'Santana do Manhuaçu', 'MG'),
    (2259, 'Santana do Paraíso', 'MG'),
    (2260, 'Santana do Riacho', 'MG'),
    (2261, 'Santana dos Montes', 'MG'),
    (2262, 'Santo Antônio do Amparo', 'MG'),
    (2263, 'Santo Antônio do Aventureiro', 'MG'),
    (2264, 'Santo Antônio do Grama', 'MG'),
    (2265, 'Santo Antônio do Itambé', 'MG'),
    (2266, 'Santo Antônio do Jacinto', 'MG'),
    (2267, 'Santo Antônio do Monte', 'MG'),
    (2268, 'Santo Antônio do Retiro', 'MG'),
    (2269, 'Santo Antônio do Rio Abaixo', 'MG'),
    (2270, 'Santo Hipólito', 'MG'),
    (2271, 'Santos Dumont', 'MG'),
    (2272, 'São Bento Abade', 'MG'),
    (2273, 'São Brás do Suaçuí', 'MG'),
    (2274, 'São Domingos das Dores', 'MG'),
    (2275, 'São Domingos do Prata', 'MG'),
    (2276, 'São Félix de Minas', 'MG'),
    (2277, 'São Francisco', 'MG'),
    (2278, 'São Francisco de Paula', 'MG'),
    (2279, 'São Francisco de Sales', 'MG'),
    (2280, 'São Francisco do Glória', 'MG'),
    (2281, 'São Geraldo', 'MG'),
    (2282, 'São Geraldo da Piedade', 'MG'),
    (2283, 'São Geraldo do Baixio', 'MG'),
    (2284, 'São Gonçalo do Abaeté', 'MG'),
    (2285, 'São Gonçalo do Pará', 'MG'),
    (2286, 'São Gonçalo do Rio Abaixo', 'MG'),
    (2287, 'São Gonçalo do Rio Preto', 'MG'),
    (2288, 'São Gonçalo do Sapucaí', 'MG'),
    (2289, 'São Gotardo', 'MG'),
    (2290, 'São João Batista do Glória', 'MG'),
    (2291, 'São João da Lagoa', 'MG'),
    (2292, 'São João da Mata', 'MG'),
    (2293, 'São João da Ponte', 'MG'),
    (2294, 'São João das Missões', 'MG'),
    (2295, 'São João del Rei', 'MG'),
    (2296, 'São João do Manhuaçu', 'MG'),
    (2297, 'São João do Manteninha', 'MG'),
    (2298, 'São João do Oriente', 'MG'),
    (2299, 'São João do Pacuí', 'MG'),
    (2300, 'São João do Paraíso', 'MG'),
    (2301, 'São João Evangelista', 'MG'),
    (2302, 'São João Nepomuceno', 'MG'),
    (2303, 'São Joaquim de Bicas', 'MG'),
    (2304, 'São José da Barra', 'MG'),
    (2305, 'São José da Lapa', 'MG'),
    (2306, 'São José da Safira', 'MG'),
    (2307, 'São José da Varginha', 'MG'),
    (2308, 'São José do Alegre', 'MG'),
    (2309, 'São José do Divino', 'MG'),
    (2310, 'São José do Goiabal', 'MG'),
    (2311, 'São José do Jacuri', 'MG'),
    (2312, 'São José do Mantimento', 'MG'),
    (2313, 'São Lourenço', 'MG'),
    (2314, 'São Miguel do Anta', 'MG'),
    (2315, 'São Pedro da União', 'MG'),
    (2316, 'São Pedro do Suaçuí', 'MG'),
    (2317, 'São Pedro dos Ferros', 'MG'),
    (2318, 'São Romão', 'MG'),
    (2319, 'São Roque de Minas', 'MG'),
    (2320, 'São Sebastião da Bela Vista', 'MG'),
    (2321, 'São Sebastião da Vargem Alegre', 'MG'),
    (2322, 'São Sebastião do Anta', 'MG'),
    (2323, 'São Sebastião do Maranhão', 'MG'),
    (2324, 'São Sebastião do Oeste', 'MG'),
    (2325, 'São Sebastião do Paraíso', 'MG'),
    (2326, 'São Sebastião do Rio Preto', 'MG'),
    (2327, 'São Sebastião do Rio Verde', 'MG'),
    (2328, 'São Thomé das Letras', 'MG'),
    (2329, 'São Tiago', 'MG'),
    (2330, 'São Tomás de Aquino', 'MG'),
    (2331, 'São Vicente de Minas', 'MG'),
    (2332, 'Sapucaí-Mirim', 'MG'),
    (2333, 'Sardoá', 'MG'),
    (2334, 'Sarzedo', 'MG'),
    (2335, 'Sem-Peixe', 'MG'),
    (2336, 'Senador Amaral', 'MG'),
    (2337, 'Senador Cortes', 'MG'),
    (2338, 'Senador Firmino', 'MG'),
    (2339, 'Senador José Bento', 'MG'),
    (2340, 'Senador Modestino Gonçalves', 'MG'),
    (2341, 'Senhora de Oliveira', 'MG'),
    (2342, 'Senhora do Porto', 'MG'),
    (2343, 'Senhora dos Remédios', 'MG'),
    (2344, 'Sericita', 'MG'),
    (2345, 'Seritinga', 'MG'),
    (2346, 'Serra Azul de Minas', 'MG'),
    (2347, 'Serra da Saudade', 'MG'),
    (2348, 'Serra do Salitre', 'MG'),
    (2349, 'Serra dos Aimorés', 'MG'),
    (2350, 'Serrania', 'MG'),
    (2351, 'Serranópolis de Minas', 'MG'),
    (2352, 'Serranos', 'MG'),
    (2353, 'Serro', 'MG'),
    (2354, 'Sete Lagoas', 'MG'),
    (2355, 'Setubinha', 'MG'),
    (2356, 'Silveirânia', 'MG'),
    (2357, 'Silvianópolis', 'MG'),
    (2358, 'Simão Pereira', 'MG'),
    (2359, 'Simonésia', 'MG'),
    (2360, 'Sobrália', 'MG'),
    (2361, 'Soledade de Minas', 'MG'),
    (2362, 'Tabuleiro', 'MG'),
    (2363, 'Taiobeiras', 'MG'),
    (2364, 'Taparuba', 'MG'),
    (2365, 'Tapira', 'MG'),
    (2366, 'Tapiraí', 'MG'),
    (2367, 'Taquaraçu de Minas', 'MG'),
    (2368, 'Tarumirim', 'MG'),
    (2369, 'Teixeiras', 'MG'),
    (2370, 'Teófilo Otoni', 'MG'),
    (2371, 'Timóteo', 'MG'),
    (2372, 'Tiradentes', 'MG'),
    (2373, 'Tiros', 'MG'),
    (2374, 'Tocantins', 'MG'),
    (2375, 'Tocos do Moji', 'MG'),
    (2376, 'Toledo', 'MG'),
    (2377, 'Tombos', 'MG'),
    (2378, 'Três Corações', 'MG'),
    (2379, 'Três Marias', 'MG'),
    (2380, 'Três Pontas', 'MG'),
    (2381, 'Tumiritinga', 'MG'),
    (2382, 'Tupaciguara', 'MG'),
    (2383, 'Turmalina', 'MG'),
    (2384, 'Turvolândia', 'MG'),
    (2385, 'Ubá', 'MG'),
    (2386, 'Ubaí', 'MG'),
    (2387, 'Ubaporanga', 'MG'),
    (2388, 'Uberaba', 'MG'),
    (2389, 'Uberlândia', 'MG'),
    (2390, 'Umburatiba', 'MG'),
    (2391, 'Unaí', 'MG'),
    (2392, 'União de Minas', 'MG'),
    (2393, 'Uruana de Minas', 'MG'),
    (2394, 'Urucânia', 'MG'),
    (2395, 'Urucuia', 'MG'),
    (2396, 'Vargem Alegre', 'MG'),
    (2397, 'Vargem Bonita', 'MG'),
    (2398, 'Vargem Grande do Rio Pardo', 'MG'),
    (2399, 'Varginha', 'MG'),
    (2400, 'Varjão de Minas', 'MG'),
    (2401, 'Várzea da Palma', 'MG'),
    (2402, 'Varzelândia', 'MG'),
    (2403, 'Vazante', 'MG'),
    (2404, 'Verdelândia', 'MG'),
    (2405, 'Veredinha', 'MG'),
    (2406, 'Veríssimo', 'MG'),
    (2407, 'Vermelho Novo', 'MG'),
    (2408, 'Vespasiano', 'MG'),
    (2409, 'Viçosa', 'MG'),
    (2410, 'Vieiras', 'MG'),
    (2411, 'Virgem da Lapa', 'MG'),
    (2412, 'Virgínia', 'MG'),
    (2413, 'Virginópolis', 'MG'),
    (2414, 'Virgolândia', 'MG'),
    (2415, 'Visconde do Rio Branco', 'MG'),
    (2416, 'Volta Grande', 'MG'),
    (2417, 'Wenceslau Braz', 'MG'),
    (2418, 'Abaetetuba', 'PA'),
    (2419, 'Abel Figueiredo', 'PA'),
    (2420, 'Acará', 'PA'),
    (2421, 'Afuá', 'PA'),
    (2422, 'Água Azul do Norte', 'PA'),
    (2423, 'Alenquer', 'PA'),
    (2424, 'Almeirim', 'PA'),
    (2425, 'Altamira', 'PA'),
    (2426, 'Anajás', 'PA'),
    (2427, 'Ananindeua', 'PA'),
    (2428, 'Anapu', 'PA'),
    (2429, 'Augusto Corrêa', 'PA'),
    (2430, 'Aurora do Pará', 'PA'),
    (2431, 'Aveiro', 'PA'),
    (2432, 'Bagre', 'PA'),
    (2433, 'Baião', 'PA'),
    (2434, 'Bannach', 'PA'),
    (2435, 'Barcarena', 'PA'),
    (2436, 'Belém', 'PA'),
    (2437, 'Belterra', 'PA'),
    (2438, 'Benevides', 'PA'),
    (2439, 'Bom Jesus do Tocantins', 'PA'),
    (2440, 'Bonito', 'PA'),
    (2441, 'Bragança', 'PA'),
    (2442, 'Brasil Novo', 'PA'),
    (2443, 'Brejo Grande do Araguaia', 'PA'),
    (2444, 'Breu Branco', 'PA'),
    (2445, 'Breves', 'PA'),
    (2446, 'Bujaru', 'PA'),
    (2447, 'Cachoeira do Arari', 'PA'),
    (2448, 'Cachoeira do Piriá', 'PA'),
    (2449, 'Cametá', 'PA'),
    (2450, 'Canaã dos Carajás', 'PA'),
    (2451, 'Capanema', 'PA'),
    (2452, 'Capitão Poço', 'PA'),
    (2453, 'Castanhal', 'PA'),
    (2454, 'Chaves', 'PA'),
    (2455, 'Colares', 'PA'),
    (2456, 'Conceição do Araguaia', 'PA'),
    (2457, 'Concórdia do Pará', 'PA'),
    (2458, 'Cumaru do Norte', 'PA'),
    (2459, 'Curionópolis', 'PA'),
    (2460, 'Curralinho', 'PA'),
    (2461, 'Curuá', 'PA'),
    (2462, 'Curuçá', 'PA'),
    (2463, 'Dom Eliseu', 'PA'),
    (2464, 'Eldorado dos Carajás', 'PA'),
    (2465, 'Faro', 'PA'),
    (2466, 'Floresta do Araguaia', 'PA'),
    (2467, 'Garrafão do Norte', 'PA'),
    (2468, 'Goianésia do Pará', 'PA'),
    (2469, 'Gurupá', 'PA'),
    (2470, 'Igarapé-Açu', 'PA'),
    (2471, 'Igarapé-Miri', 'PA'),
    (2472, 'Inhangapi', 'PA'),
    (2473, 'Ipixuna do Pará', 'PA'),
    (2474, 'Irituia', 'PA'),
    (2475, 'Itaituba', 'PA'),
    (2476, 'Itupiranga', 'PA'),
    (2477, 'Jacareacanga', 'PA'),
    (2478, 'Jacundá', 'PA'),
    (2479, 'Juruti', 'PA'),
    (2480, 'Limoeiro do Ajuru', 'PA'),
    (2481, 'Mãe do Rio', 'PA'),
    (2482, 'Magalhães Barata', 'PA'),
    (2483, 'Marabá', 'PA'),
    (2484, 'Maracanã', 'PA'),
    (2485, 'Marapanim', 'PA'),
    (2486, 'Marituba', 'PA'),
    (2487, 'Medicilândia', 'PA'),
    (2488, 'Melgaço', 'PA'),
    (2489, 'Mocajuba', 'PA'),
    (2490, 'Moju', 'PA'),
    (2491, 'Monte Alegre', 'PA'),
    (2492, 'Muaná', 'PA'),
    (2493, 'Nova Esperança do Piriá', 'PA'),
    (2494, 'Nova Ipixuna', 'PA'),
    (2495, 'Nova Timboteua', 'PA'),
    (2496, 'Novo Progresso', 'PA'),
    (2497, 'Novo Repartimento', 'PA'),
    (2498, 'Óbidos', 'PA'),
    (2499, 'Oeiras do Pará', 'PA'),
    (2500, 'Oriximiná', 'PA'),
    (2501, 'Ourém', 'PA'),
    (2502, 'Ourilândia do Norte', 'PA'),
    (2503, 'Pacajá', 'PA'),
    (2504, 'Palestina do Pará', 'PA'),
    (2505, 'Paragominas', 'PA'),
    (2506, 'Parauapebas', 'PA'),
    (2507, 'Pau d`Arco', 'PA'),
    (2508, 'Peixe-Boi', 'PA'),
    (2509, 'Piçarra', 'PA'),
    (2510, 'Placas', 'PA'),
    (2511, 'Ponta de Pedras', 'PA'),
    (2512, 'Portel', 'PA'),
    (2513, 'Porto de Moz', 'PA'),
    (2514, 'Prainha', 'PA'),
    (2515, 'Primavera', 'PA'),
    (2516, 'Quatipuru', 'PA'),
    (2517, 'Redenção', 'PA'),
    (2518, 'Rio Maria', 'PA'),
    (2519, 'Rondon do Pará', 'PA'),
    (2520, 'Rurópolis', 'PA'),
    (2521, 'Salinópolis', 'PA'),
    (2522, 'Salvaterra', 'PA'),
    (2523, 'Santa Bárbara do Pará', 'PA'),
    (2524, 'Santa Cruz do Arari', 'PA'),
    (2525, 'Santa Isabel do Pará', 'PA'),
    (2526, 'Santa Luzia do Pará', 'PA'),
    (2527, 'Santa Maria das Barreiras', 'PA'),
    (2528, 'Santa Maria do Pará', 'PA'),
    (2529, 'Santana do Araguaia', 'PA'),
    (2530, 'Santarém', 'PA'),
    (2531, 'Santarém Novo', 'PA'),
    (2532, 'Santo Antônio do Tauá', 'PA'),
    (2533, 'São Caetano de Odivelas', 'PA'),
    (2534, 'São Domingos do Araguaia', 'PA'),
    (2535, 'São Domingos do Capim', 'PA'),
    (2536, 'São Félix do Xingu', 'PA'),
    (2537, 'São Francisco do Pará', 'PA'),
    (2538, 'São Geraldo do Araguaia', 'PA'),
    (2539, 'São João da Ponta', 'PA'),
    (2540, 'São João de Pirabas', 'PA'),
    (2541, 'São João do Araguaia', 'PA'),
    (2542, 'São Miguel do Guamá', 'PA'),
    (2543, 'São Sebastião da Boa Vista', 'PA'),
    (2544, 'Sapucaia', 'PA'),
    (2545, 'Senador José Porfírio', 'PA'),
    (2546, 'Soure', 'PA'),
    (2547, 'Tailândia', 'PA'),
    (2548, 'Terra Alta', 'PA'),
    (2549, 'Terra Santa', 'PA'),
    (2550, 'Tomé-Açu', 'PA'),
    (2551, 'Tracuateua', 'PA'),
    (2552, 'Trairão', 'PA'),
    (2553, 'Tucumã', 'PA'),
    (2554, 'Tucuruí', 'PA'),
    (2555, 'Ulianópolis', 'PA'),
    (2556, 'Uruará', 'PA'),
    (2557, 'Vigia', 'PA'),
    (2558, 'Viseu', 'PA'),
    (2559, 'Vitória do Xingu', 'PA'),
    (2560, 'Xinguara', 'PA'),
    (2561, 'Água Branca', 'PB'),
    (2562, 'Aguiar', 'PB'),
    (2563, 'Alagoa Grande', 'PB'),
    (2564, 'Alagoa Nova', 'PB'),
    (2565, 'Alagoinha', 'PB'),
    (2566, 'Alcantil', 'PB'),
    (2567, 'Algodão de Jandaíra', 'PB'),
    (2568, 'Alhandra', 'PB'),
    (2569, 'Amparo', 'PB'),
    (2570, 'Aparecida', 'PB'),
    (2571, 'Araçagi', 'PB'),
    (2572, 'Arara', 'PB'),
    (2573, 'Araruna', 'PB'),
    (2574, 'Areia', 'PB'),
    (2575, 'Areia de Baraúnas', 'PB'),
    (2576, 'Areial', 'PB'),
    (2577, 'Aroeiras', 'PB'),
    (2578, 'Assunção', 'PB'),
    (2579, 'Baía da Traição', 'PB'),
    (2580, 'Bananeiras', 'PB'),
    (2581, 'Baraúna', 'PB'),
    (2582, 'Barra de Santa Rosa', 'PB'),
    (2583, 'Barra de Santana', 'PB'),
    (2584, 'Barra de São Miguel', 'PB'),
    (2585, 'Bayeux', 'PB'),
    (2586, 'Belém', 'PB'),
    (2587, 'Belém do Brejo do Cruz', 'PB'),
    (2588, 'Bernardino Batista', 'PB'),
    (2589, 'Boa Ventura', 'PB'),
    (2590, 'Boa Vista', 'PB'),
    (2591, 'Bom Jesus', 'PB'),
    (2592, 'Bom Sucesso', 'PB'),
    (2593, 'Bonito de Santa Fé', 'PB'),
    (2594, 'Boqueirão', 'PB'),
    (2595, 'Borborema', 'PB'),
    (2596, 'Brejo do Cruz', 'PB'),
    (2597, 'Brejo dos Santos', 'PB'),
    (2598, 'Caaporã', 'PB'),
    (2599, 'Cabaceiras', 'PB'),
    (2600, 'Cabedelo', 'PB'),
    (2601, 'Cachoeira dos Índios', 'PB'),
    (2602, 'Cacimba de Areia', 'PB'),
    (2603, 'Cacimba de Dentro', 'PB'),
    (2604, 'Cacimbas', 'PB'),
    (2605, 'Caiçara', 'PB'),
    (2606, 'Cajazeiras', 'PB'),
    (2607, 'Cajazeirinhas', 'PB'),
    (2608, 'Caldas Brandão', 'PB'),
    (2609, 'Camalaú', 'PB'),
    (2610, 'Campina Grande', 'PB'),
    (2611, 'Campo de Santana', 'PB'),
    (2612, 'Capim', 'PB'),
    (2613, 'Caraúbas', 'PB'),
    (2614, 'Carrapateira', 'PB'),
    (2615, 'Casserengue', 'PB'),
    (2616, 'Catingueira', 'PB'),
    (2617, 'Catolé do Rocha', 'PB'),
    (2618, 'Caturité', 'PB'),
    (2619, 'Conceição', 'PB'),
    (2620, 'Condado', 'PB'),
    (2621, 'Conde', 'PB'),
    (2622, 'Congo', 'PB'),
    (2623, 'Coremas', 'PB'),
    (2624, 'Coxixola', 'PB'),
    (2625, 'Cruz do Espírito Santo', 'PB'),
    (2626, 'Cubati', 'PB'),
    (2627, 'Cuité', 'PB'),
    (2628, 'Cuité de Mamanguape', 'PB'),
    (2629, 'Cuitegi', 'PB'),
    (2630, 'Curral de Cima', 'PB'),
    (2631, 'Curral Velho', 'PB'),
    (2632, 'Damião', 'PB'),
    (2633, 'Desterro', 'PB'),
    (2634, 'Diamante', 'PB'),
    (2635, 'Dona Inês', 'PB'),
    (2636, 'Duas Estradas', 'PB'),
    (2637, 'Emas', 'PB'),
    (2638, 'Esperança', 'PB'),
    (2639, 'Fagundes', 'PB'),
    (2640, 'Frei Martinho', 'PB'),
    (2641, 'Gado Bravo', 'PB'),
    (2642, 'Guarabira', 'PB'),
    (2643, 'Gurinhém', 'PB'),
    (2644, 'Gurjão', 'PB'),
    (2645, 'Ibiara', 'PB'),
    (2646, 'Igaracy', 'PB'),
    (2647, 'Imaculada', 'PB'),
    (2648, 'Ingá', 'PB'),
    (2649, 'Itabaiana', 'PB'),
    (2650, 'Itaporanga', 'PB'),
    (2651, 'Itapororoca', 'PB'),
    (2652, 'Itatuba', 'PB'),
    (2653, 'Jacaraú', 'PB'),
    (2654, 'Jericó', 'PB'),
    (2655, 'João Pessoa', 'PB'),
    (2656, 'Juarez Távora', 'PB'),
    (2657, 'Juazeirinho', 'PB'),
    (2658, 'Junco do Seridó', 'PB'),
    (2659, 'Juripiranga', 'PB'),
    (2660, 'Juru', 'PB'),
    (2661, 'Lagoa', 'PB'),
    (2662, 'Lagoa de Dentro', 'PB'),
    (2663, 'Lagoa Seca', 'PB'),
    (2664, 'Lastro', 'PB'),
    (2665, 'Livramento', 'PB'),
    (2666, 'Logradouro', 'PB'),
    (2667, 'Lucena', 'PB'),
    (2668, 'Mãe d`Água', 'PB'),
    (2669, 'Malta', 'PB'),
    (2670, 'Mamanguape', 'PB'),
    (2671, 'Manaíra', 'PB'),
    (2672, 'Marcação', 'PB'),
    (2673, 'Mari', 'PB'),
    (2674, 'Marizópolis', 'PB'),
    (2675, 'Massaranduba', 'PB'),
    (2676, 'Mataraca', 'PB'),
    (2677, 'Matinhas', 'PB'),
    (2678, 'Mato Grosso', 'PB'),
    (2679, 'Maturéia', 'PB'),
    (2680, 'Mogeiro', 'PB'),
    (2681, 'Montadas', 'PB'),
    (2682, 'Monte Horebe', 'PB'),
    (2683, 'Monteiro', 'PB'),
    (2684, 'Mulungu', 'PB'),
    (2685, 'Natuba', 'PB'),
    (2686, 'Nazarezinho', 'PB'),
    (2687, 'Nova Floresta', 'PB'),
    (2688, 'Nova Olinda', 'PB'),
    (2689, 'Nova Palmeira', 'PB'),
    (2690, 'Olho d`Água', 'PB'),
    (2691, 'Olivedos', 'PB'),
    (2692, 'Ouro Velho', 'PB'),
    (2693, 'Parari', 'PB'),
    (2694, 'Passagem', 'PB'),
    (2695, 'Patos', 'PB'),
    (2696, 'Paulista', 'PB'),
    (2697, 'Pedra Branca', 'PB'),
    (2698, 'Pedra Lavrada', 'PB'),
    (2699, 'Pedras de Fogo', 'PB'),
    (2700, 'Pedro Régis', 'PB'),
    (2701, 'Piancó', 'PB'),
    (2702, 'Picuí', 'PB'),
    (2703, 'Pilar', 'PB'),
    (2704, 'Pilões', 'PB'),
    (2705, 'Pilõezinhos', 'PB'),
    (2706, 'Pirpirituba', 'PB'),
    (2707, 'Pitimbu', 'PB'),
    (2708, 'Pocinhos', 'PB'),
    (2709, 'Poço Dantas', 'PB'),
    (2710, 'Poço de José de Moura', 'PB'),
    (2711, 'Pombal', 'PB'),
    (2712, 'Prata', 'PB'),
    (2713, 'Princesa Isabel', 'PB'),
    (2714, 'Puxinanã', 'PB'),
    (2715, 'Queimadas', 'PB'),
    (2716, 'Quixabá', 'PB'),
    (2717, 'Remígio', 'PB'),
    (2718, 'Riachão', 'PB'),
    (2719, 'Riachão do Bacamarte', 'PB'),
    (2720, 'Riachão do Poço', 'PB'),
    (2721, 'Riacho de Santo Antônio', 'PB'),
    (2722, 'Riacho dos Cavalos', 'PB'),
    (2723, 'Rio Tinto', 'PB'),
    (2724, 'Salgadinho', 'PB'),
    (2725, 'Salgado de São Félix', 'PB'),
    (2726, 'Santa Cecília', 'PB'),
    (2727, 'Santa Cruz', 'PB'),
    (2728, 'Santa Helena', 'PB'),
    (2729, 'Santa Inês', 'PB'),
    (2730, 'Santa Luzia', 'PB'),
    (2731, 'Santa Rita', 'PB'),
    (2732, 'Santa Teresinha', 'PB'),
    (2733, 'Santana de Mangueira', 'PB'),
    (2734, 'Santana dos Garrotes', 'PB'),
    (2735, 'Santarém', 'PB'),
    (2736, 'Santo André', 'PB'),
    (2737, 'São Bentinho', 'PB'),
    (2738, 'São Bento', 'PB'),
    (2739, 'São Domingos de Pombal', 'PB'),
    (2740, 'São Domingos do Cariri', 'PB'),
    (2741, 'São Francisco', 'PB'),
    (2742, 'São João do Cariri', 'PB'),
    (2743, 'São João do Rio do Peixe', 'PB'),
    (2744, 'São João do Tigre', 'PB'),
    (2745, 'São José da Lagoa Tapada', 'PB'),
    (2746, 'São José de Caiana', 'PB'),
    (2747, 'São José de Espinharas', 'PB'),
    (2748, 'São José de Piranhas', 'PB'),
    (2749, 'São José de Princesa', 'PB'),
    (2750, 'São José do Bonfim', 'PB'),
    (2751, 'São José do Brejo do Cruz', 'PB'),
    (2752, 'São José do Sabugi', 'PB'),
    (2753, 'São José dos Cordeiros', 'PB'),
    (2754, 'São José dos Ramos', 'PB'),
    (2755, 'São Mamede', 'PB'),
    (2756, 'São Miguel de Taipu', 'PB'),
    (2757, 'São Sebastião de Lagoa de Roça', 'PB'),
    (2758, 'São Sebastião do Umbuzeiro', 'PB'),
    (2759, 'Sapé', 'PB'),
    (2760, 'Seridó', 'PB'),
    (2761, 'Serra Branca', 'PB'),
    (2762, 'Serra da Raiz', 'PB'),
    (2763, 'Serra Grande', 'PB'),
    (2764, 'Serra Redonda', 'PB'),
    (2765, 'Serraria', 'PB'),
    (2766, 'Sertãozinho', 'PB'),
    (2767, 'Sobrado', 'PB'),
    (2768, 'Solânea', 'PB'),
    (2769, 'Soledade', 'PB'),
    (2770, 'Sossêgo', 'PB'),
    (2771, 'Sousa', 'PB'),
    (2772, 'Sumé', 'PB'),
    (2773, 'Taperoá', 'PB'),
    (2774, 'Tavares', 'PB'),
    (2775, 'Teixeira', 'PB'),
    (2776, 'Tenório', 'PB'),
    (2777, 'Triunfo', 'PB'),
    (2778, 'Uiraúna', 'PB'),
    (2779, 'Umbuzeiro', 'PB'),
    (2780, 'Várzea', 'PB'),
    (2781, 'Vieirópolis', 'PB'),
    (2782, 'Vista Serrana', 'PB'),
    (2783, 'Zabelê', 'PB'),
    (2784, 'Abatiá', 'PR'),
    (2785, 'Adrianópolis', 'PR'),
    (2786, 'Agudos do Sul', 'PR'),
    (2787, 'Almirante Tamandaré', 'PR'),
    (2788, 'Altamira do Paraná', 'PR'),
    (2789, 'Alto Paraíso', 'PR'),
    (2790, 'Alto Paraná', 'PR'),
    (2791, 'Alto Piquiri', 'PR'),
    (2792, 'Altônia', 'PR'),
    (2793, 'Alvorada do Sul', 'PR'),
    (2794, 'Amaporã', 'PR'),
    (2795, 'Ampére', 'PR'),
    (2796, 'Anahy', 'PR'),
    (2797, 'Andirá', 'PR'),
    (2798, 'Ângulo', 'PR'),
    (2799, 'Antonina', 'PR'),
    (2800, 'Antônio Olinto', 'PR'),
    (2801, 'Apucarana', 'PR'),
    (2802, 'Arapongas', 'PR'),
    (2803, 'Arapoti', 'PR'),
    (2804, 'Arapuã', 'PR'),
    (2805, 'Araruna', 'PR'),
    (2806, 'Araucária', 'PR'),
    (2807, 'Ariranha do Ivaí', 'PR'),
    (2808, 'Assaí', 'PR'),
    (2809, 'Assis Chateaubriand', 'PR'),
    (2810, 'Astorga', 'PR'),
    (2811, 'Atalaia', 'PR'),
    (2812, 'Balsa Nova', 'PR'),
    (2813, 'Bandeirantes', 'PR'),
    (2814, 'Barbosa Ferraz', 'PR'),
    (2815, 'Barra do Jacaré', 'PR'),
    (2816, 'Barracão', 'PR'),
    (2817, 'Bela Vista da Caroba', 'PR'),
    (2818, 'Bela Vista do Paraíso', 'PR'),
    (2819, 'Bituruna', 'PR'),
    (2820, 'Boa Esperança', 'PR'),
    (2821, 'Boa Esperança do Iguaçu', 'PR'),
    (2822, 'Boa Ventura de São Roque', 'PR'),
    (2823, 'Boa Vista da Aparecida', 'PR'),
    (2824, 'Bocaiúva do Sul', 'PR'),
    (2825, 'Bom Jesus do Sul', 'PR'),
    (2826, 'Bom Sucesso', 'PR'),
    (2827, 'Bom Sucesso do Sul', 'PR'),
    (2828, 'Borrazópolis', 'PR'),
    (2829, 'Braganey', 'PR'),
    (2830, 'Brasilândia do Sul', 'PR'),
    (2831, 'Cafeara', 'PR'),
    (2832, 'Cafelândia', 'PR'),
    (2833, 'Cafezal do Sul', 'PR'),
    (2834, 'Califórnia', 'PR'),
    (2835, 'Cambará', 'PR'),
    (2836, 'Cambé', 'PR'),
    (2837, 'Cambira', 'PR'),
    (2838, 'Campina da Lagoa', 'PR'),
    (2839, 'Campina do Simão', 'PR'),
    (2840, 'Campina Grande do Sul', 'PR'),
    (2841, 'Campo Bonito', 'PR'),
    (2842, 'Campo do Tenente', 'PR'),
    (2843, 'Campo Largo', 'PR'),
    (2844, 'Campo Magro', 'PR'),
    (2845, 'Campo Mourão', 'PR'),
    (2846, 'Cândido de Abreu', 'PR'),
    (2847, 'Candói', 'PR'),
    (2848, 'Cantagalo', 'PR'),
    (2849, 'Capanema', 'PR'),
    (2850, 'Capitão Leônidas Marques', 'PR'),
    (2851, 'Carambeí', 'PR'),
    (2852, 'Carlópolis', 'PR'),
    (2853, 'Cascavel', 'PR'),
    (2854, 'Castro', 'PR'),
    (2855, 'Catanduvas', 'PR'),
    (2856, 'Centenário do Sul', 'PR'),
    (2857, 'Cerro Azul', 'PR'),
    (2858, 'Céu Azul', 'PR'),
    (2859, 'Chopinzinho', 'PR'),
    (2860, 'Cianorte', 'PR'),
    (2861, 'Cidade Gaúcha', 'PR'),
    (2862, 'Clevelândia', 'PR'),
    (2863, 'Colombo', 'PR'),
    (2864, 'Colorado', 'PR'),
    (2865, 'Congonhinhas', 'PR'),
    (2866, 'Conselheiro Mairinck', 'PR'),
    (2867, 'Contenda', 'PR'),
    (2868, 'Corbélia', 'PR'),
    (2869, 'Cornélio Procópio', 'PR'),
    (2870, 'Coronel Domingos Soares', 'PR'),
    (2871, 'Coronel Vivida', 'PR'),
    (2872, 'Corumbataí do Sul', 'PR'),
    (2873, 'Cruz Machado', 'PR'),
    (2874, 'Cruzeiro do Iguaçu', 'PR'),
    (2875, 'Cruzeiro do Oeste', 'PR'),
    (2876, 'Cruzeiro do Sul', 'PR'),
    (2877, 'Cruzmaltina', 'PR'),
    (2878, 'Curitiba', 'PR'),
    (2879, 'Curiúva', 'PR'),
    (2880, 'Diamante d`Oeste', 'PR'),
    (2881, 'Diamante do Norte', 'PR'),
    (2882, 'Diamante do Sul', 'PR'),
    (2883, 'Dois Vizinhos', 'PR'),
    (2884, 'Douradina', 'PR'),
    (2885, 'Doutor Camargo', 'PR'),
    (2886, 'Doutor Ulysses', 'PR'),
    (2887, 'Enéas Marques', 'PR'),
    (2888, 'Engenheiro Beltrão', 'PR'),
    (2889, 'Entre Rios do Oeste', 'PR'),
    (2890, 'Esperança Nova', 'PR'),
    (2891, 'Espigão Alto do Iguaçu', 'PR'),
    (2892, 'Farol', 'PR'),
    (2893, 'Faxinal', 'PR'),
    (2894, 'Fazenda Rio Grande', 'PR'),
    (2895, 'Fênix', 'PR'),
    (2896, 'Fernandes Pinheiro', 'PR'),
    (2897, 'Figueira', 'PR'),
    (2898, 'Flor da Serra do Sul', 'PR'),
    (2899, 'Floraí', 'PR'),
    (2900, 'Floresta', 'PR'),
    (2901, 'Florestópolis', 'PR'),
    (2902, 'Flórida', 'PR'),
    (2903, 'Formosa do Oeste', 'PR'),
    (2904, 'Foz do Iguaçu', 'PR'),
    (2905, 'Foz do Jordão', 'PR'),
    (2906, 'Francisco Alves', 'PR'),
    (2907, 'Francisco Beltrão', 'PR'),
    (2908, 'General Carneiro', 'PR'),
    (2909, 'Godoy Moreira', 'PR'),
    (2910, 'Goioerê', 'PR'),
    (2911, 'Goioxim', 'PR'),
    (2912, 'Grandes Rios', 'PR'),
    (2913, 'Guaíra', 'PR'),
    (2914, 'Guairaçá', 'PR'),
    (2915, 'Guamiranga', 'PR'),
    (2916, 'Guapirama', 'PR'),
    (2917, 'Guaporema', 'PR'),
    (2918, 'Guaraci', 'PR'),
    (2919, 'Guaraniaçu', 'PR'),
    (2920, 'Guarapuava', 'PR'),
    (2921, 'Guaraqueçaba', 'PR'),
    (2922, 'Guaratuba', 'PR'),
    (2923, 'Honório Serpa', 'PR'),
    (2924, 'Ibaiti', 'PR'),
    (2925, 'Ibema', 'PR'),
    (2926, 'Ibiporã', 'PR'),
    (2927, 'Icaraíma', 'PR'),
    (2928, 'Iguaraçu', 'PR'),
    (2929, 'Iguatu', 'PR'),
    (2930, 'Imbaú', 'PR'),
    (2931, 'Imbituva', 'PR'),
    (2932, 'Inácio Martins', 'PR'),
    (2933, 'Inajá', 'PR'),
    (2934, 'Indianópolis', 'PR'),
    (2935, 'Ipiranga', 'PR'),
    (2936, 'Iporã', 'PR'),
    (2937, 'Iracema do Oeste', 'PR'),
    (2938, 'Irati', 'PR'),
    (2939, 'Iretama', 'PR'),
    (2940, 'Itaguajé', 'PR'),
    (2941, 'Itaipulândia', 'PR'),
    (2942, 'Itambaracá', 'PR'),
    (2943, 'Itambé', 'PR'),
    (2944, 'Itapejara d`Oeste', 'PR'),
    (2945, 'Itaperuçu', 'PR'),
    (2946, 'Itaúna do Sul', 'PR'),
    (2947, 'Ivaí', 'PR'),
    (2948, 'Ivaiporã', 'PR'),
    (2949, 'Ivaté', 'PR'),
    (2950, 'Ivatuba', 'PR'),
    (2951, 'Jaboti', 'PR'),
    (2952, 'Jacarezinho', 'PR'),
    (2953, 'Jaguapitã', 'PR'),
    (2954, 'Jaguariaíva', 'PR'),
    (2955, 'Jandaia do Sul', 'PR'),
    (2956, 'Janiópolis', 'PR'),
    (2957, 'Japira', 'PR'),
    (2958, 'Japurá', 'PR'),
    (2959, 'Jardim Alegre', 'PR'),
    (2960, 'Jardim Olinda', 'PR'),
    (2961, 'Jataizinho', 'PR'),
    (2962, 'Jesuítas', 'PR'),
    (2963, 'Joaquim Távora', 'PR'),
    (2964, 'Jundiaí do Sul', 'PR'),
    (2965, 'Juranda', 'PR'),
    (2966, 'Jussara', 'PR'),
    (2967, 'Kaloré', 'PR'),
    (2968, 'Lapa', 'PR'),
    (2969, 'Laranjal', 'PR'),
    (2970, 'Laranjeiras do Sul', 'PR'),
    (2971, 'Leópolis', 'PR'),
    (2972, 'Lidianópolis', 'PR'),
    (2973, 'Lindoeste', 'PR'),
    (2974, 'Loanda', 'PR'),
    (2975, 'Lobato', 'PR'),
    (2976, 'Londrina', 'PR'),
    (2977, 'Luiziana', 'PR'),
    (2978, 'Lunardelli', 'PR'),
    (2979, 'Lupionópolis', 'PR'),
    (2980, 'Mallet', 'PR'),
    (2981, 'Mamborê', 'PR'),
    (2982, 'Mandaguaçu', 'PR'),
    (2983, 'Mandaguari', 'PR'),
    (2984, 'Mandirituba', 'PR'),
    (2985, 'Manfrinópolis', 'PR'),
    (2986, 'Mangueirinha', 'PR'),
    (2987, 'Manoel Ribas', 'PR'),
    (2988, 'Marechal Cândido Rondon', 'PR'),
    (2989, 'Maria Helena', 'PR'),
    (2990, 'Marialva', 'PR'),
    (2991, 'Marilândia do Sul', 'PR'),
    (2992, 'Marilena', 'PR'),
    (2993, 'Mariluz', 'PR'),
    (2994, 'Maringá', 'PR'),
    (2995, 'Mariópolis', 'PR'),
    (2996, 'Maripá', 'PR'),
    (2997, 'Marmeleiro', 'PR'),
    (2998, 'Marquinho', 'PR'),
    (2999, 'Marumbi', 'PR'),
    (3000, 'Matelândia', 'PR'),
    (3001, 'Matinhos', 'PR'),
    (3002, 'Mato Rico', 'PR'),
    (3003, 'Mauá da Serra', 'PR'),
    (3004, 'Medianeira', 'PR'),
    (3005, 'Mercedes', 'PR'),
    (3006, 'Mirador', 'PR'),
    (3007, 'Miraselva', 'PR'),
    (3008, 'Missal', 'PR'),
    (3009, 'Moreira Sales', 'PR'),
    (3010, 'Morretes', 'PR'),
    (3011, 'Munhoz de Melo', 'PR'),
    (3012, 'Nossa Senhora das Graças', 'PR'),
    (3013, 'Nova Aliança do Ivaí', 'PR'),
    (3014, 'Nova América da Colina', 'PR'),
    (3015, 'Nova Aurora', 'PR'),
    (3016, 'Nova Cantu', 'PR'),
    (3017, 'Nova Esperança', 'PR'),
    (3018, 'Nova Esperança do Sudoeste', 'PR'),
    (3019, 'Nova Fátima', 'PR'),
    (3020, 'Nova Laranjeiras', 'PR'),
    (3021, 'Nova Londrina', 'PR'),
    (3022, 'Nova Olímpia', 'PR'),
    (3023, 'Nova Prata do Iguaçu', 'PR'),
    (3024, 'Nova Santa Bárbara', 'PR'),
    (3025, 'Nova Santa Rosa', 'PR'),
    (3026, 'Nova Tebas', 'PR'),
    (3027, 'Novo Itacolomi', 'PR'),
    (3028, 'Ortigueira', 'PR'),
    (3029, 'Ourizona', 'PR'),
    (3030, 'Ouro Verde do Oeste', 'PR'),
    (3031, 'Paiçandu', 'PR'),
    (3032, 'Palmas', 'PR'),
    (3033, 'Palmeira', 'PR'),
    (3034, 'Palmital', 'PR'),
    (3035, 'Palotina', 'PR'),
    (3036, 'Paraíso do Norte', 'PR'),
    (3037, 'Paranacity', 'PR'),
    (3038, 'Paranaguá', 'PR'),
    (3039, 'Paranapoema', 'PR'),
    (3040, 'Paranavaí', 'PR'),
    (3041, 'Pato Bragado', 'PR'),
    (3042, 'Pato Branco', 'PR'),
    (3043, 'Paula Freitas', 'PR'),
    (3044, 'Paulo Frontin', 'PR'),
    (3045, 'Peabiru', 'PR'),
    (3046, 'Perobal', 'PR'),
    (3047, 'Pérola', 'PR'),
    (3048, 'Pérola d`Oeste', 'PR'),
    (3049, 'Piên', 'PR'),
    (3050, 'Pinhais', 'PR'),
    (3051, 'Pinhal de São Bento', 'PR'),
    (3052, 'Pinhalão', 'PR'),
    (3053, 'Pinhão', 'PR'),
    (3054, 'Piraí do Sul', 'PR'),
    (3055, 'Piraquara', 'PR'),
    (3056, 'Pitanga', 'PR'),
    (3057, 'Pitangueiras', 'PR'),
    (3058, 'Planaltina do Paraná', 'PR'),
    (3059, 'Planalto', 'PR'),
    (3060, 'Ponta Grossa', 'PR'),
    (3061, 'Pontal do Paraná', 'PR'),
    (3062, 'Porecatu', 'PR'),
    (3063, 'Porto Amazonas', 'PR'),
    (3064, 'Porto Barreiro', 'PR'),
    (3065, 'Porto Rico', 'PR'),
    (3066, 'Porto Vitória', 'PR'),
    (3067, 'Prado Ferreira', 'PR'),
    (3068, 'Pranchita', 'PR'),
    (3069, 'Presidente Castelo Branco', 'PR'),
    (3070, 'Primeiro de Maio', 'PR'),
    (3071, 'Prudentópolis', 'PR'),
    (3072, 'Quarto Centenário', 'PR'),
    (3073, 'Quatiguá', 'PR'),
    (3074, 'Quatro Barras', 'PR'),
    (3075, 'Quatro Pontes', 'PR'),
    (3076, 'Quedas do Iguaçu', 'PR'),
    (3077, 'Querência do Norte', 'PR'),
    (3078, 'Quinta do Sol', 'PR'),
    (3079, 'Quitandinha', 'PR'),
    (3080, 'Ramilândia', 'PR'),
    (3081, 'Rancho Alegre', 'PR'),
    (3082, 'Rancho Alegre d`Oeste', 'PR'),
    (3083, 'Realeza', 'PR'),
    (3084, 'Rebouças', 'PR'),
    (3085, 'Renascença', 'PR'),
    (3086, 'Reserva', 'PR'),
    (3087, 'Reserva do Iguaçu', 'PR'),
    (3088, 'Ribeirão Claro', 'PR'),
    (3089, 'Ribeirão do Pinhal', 'PR'),
    (3090, 'Rio Azul', 'PR'),
    (3091, 'Rio Bom', 'PR'),
    (3092, 'Rio Bonito do Iguaçu', 'PR'),
    (3093, 'Rio Branco do Ivaí', 'PR'),
    (3094, 'Rio Branco do Sul', 'PR'),
    (3095, 'Rio Negro', 'PR'),
    (3096, 'Rolândia', 'PR'),
    (3097, 'Roncador', 'PR'),
    (3098, 'Rondon', 'PR'),
    (3099, 'Rosário do Ivaí', 'PR'),
    (3100, 'Sabáudia', 'PR'),
    (3101, 'Salgado Filho', 'PR'),
    (3102, 'Salto do Itararé', 'PR'),
    (3103, 'Salto do Lontra', 'PR'),
    (3104, 'Santa Amélia', 'PR'),
    (3105, 'Santa Cecília do Pavão', 'PR'),
    (3106, 'Santa Cruz de Monte Castelo', 'PR'),
    (3107, 'Santa Fé', 'PR'),
    (3108, 'Santa Helena', 'PR'),
    (3109, 'Santa Inês', 'PR'),
    (3110, 'Santa Isabel do Ivaí', 'PR'),
    (3111, 'Santa Izabel do Oeste', 'PR'),
    (3112, 'Santa Lúcia', 'PR'),
    (3113, 'Santa Maria do Oeste', 'PR'),
    (3114, 'Santa Mariana', 'PR'),
    (3115, 'Santa Mônica', 'PR'),
    (3116, 'Santa Tereza do Oeste', 'PR'),
    (3117, 'Santa Terezinha de Itaipu', 'PR'),
    (3118, 'Santana do Itararé', 'PR'),
    (3119, 'Santo Antônio da Platina', 'PR'),
    (3120, 'Santo Antônio do Caiuá', 'PR'),
    (3121, 'Santo Antônio do Paraíso', 'PR'),
    (3122, 'Santo Antônio do Sudoeste', 'PR'),
    (3123, 'Santo Inácio', 'PR'),
    (3124, 'São Carlos do Ivaí', 'PR'),
    (3125, 'São Jerônimo da Serra', 'PR'),
    (3126, 'São João', 'PR'),
    (3127, 'São João do Caiuá', 'PR'),
    (3128, 'São João do Ivaí', 'PR'),
    (3129, 'São João do Triunfo', 'PR'),
    (3130, 'São Jorge d`Oeste', 'PR'),
    (3131, 'São Jorge do Ivaí', 'PR'),
    (3132, 'São Jorge do Patrocínio', 'PR'),
    (3133, 'São José da Boa Vista', 'PR'),
    (3134, 'São José das Palmeiras', 'PR'),
    (3135, 'São José dos Pinhais', 'PR'),
    (3136, 'São Manoel do Paraná', 'PR'),
    (3137, 'São Mateus do Sul', 'PR'),
    (3138, 'São Miguel do Iguaçu', 'PR'),
    (3139, 'São Pedro do Iguaçu', 'PR'),
    (3140, 'São Pedro do Ivaí', 'PR'),
    (3141, 'São Pedro do Paraná', 'PR'),
    (3142, 'São Sebastião da Amoreira', 'PR'),
    (3143, 'São Tomé', 'PR'),
    (3144, 'Sapopema', 'PR'),
    (3145, 'Sarandi', 'PR'),
    (3146, 'Saudade do Iguaçu', 'PR'),
    (3147, 'Sengés', 'PR'),
    (3148, 'Serranópolis do Iguaçu', 'PR'),
    (3149, 'Sertaneja', 'PR'),
    (3150, 'Sertanópolis', 'PR'),
    (3151, 'Siqueira Campos', 'PR'),
    (3152, 'Sulina', 'PR'),
    (3153, 'Tamarana', 'PR'),
    (3154, 'Tamboara', 'PR'),
    (3155, 'Tapejara', 'PR'),
    (3156, 'Tapira', 'PR'),
    (3157, 'Teixeira Soares', 'PR'),
    (3158, 'Telêmaco Borba', 'PR'),
    (3159, 'Terra Boa', 'PR'),
    (3160, 'Terra Rica', 'PR'),
    (3161, 'Terra Roxa', 'PR'),
    (3162, 'Tibagi', 'PR'),
    (3163, 'Tijucas do Sul', 'PR'),
    (3164, 'Toledo', 'PR'),
    (3165, 'Tomazina', 'PR'),
    (3166, 'Três Barras do Paraná', 'PR'),
    (3167, 'Tunas do Paraná', 'PR'),
    (3168, 'Tuneiras do Oeste', 'PR'),
    (3169, 'Tupãssi', 'PR'),
    (3170, 'Turvo', 'PR'),
    (3171, 'Ubiratã', 'PR'),
    (3172, 'Umuarama', 'PR'),
    (3173, 'União da Vitória', 'PR'),
    (3174, 'Uniflor', 'PR'),
    (3175, 'Uraí', 'PR'),
    (3176, 'Ventania', 'PR'),
    (3177, 'Vera Cruz do Oeste', 'PR'),
    (3178, 'Verê', 'PR'),
    (3179, 'Virmond', 'PR'),
    (3180, 'Vitorino', 'PR'),
    (3181, 'Wenceslau Braz', 'PR'),
    (3182, 'Xambrê', 'PR'),
    (3183, 'Abreu e Lima', 'PE'),
    (3184, 'Afogados da Ingazeira', 'PE'),
    (3185, 'Afrânio', 'PE'),
    (3186, 'Agrestina', 'PE'),
    (3187, 'Água Preta', 'PE'),
    (3188, 'Águas Belas', 'PE'),
    (3189, 'Alagoinha', 'PE'),
    (3190, 'Aliança', 'PE'),
    (3191, 'Altinho', 'PE'),
    (3192, 'Amaraji', 'PE'),
    (3193, 'Angelim', 'PE'),
    (3194, 'Araçoiaba', 'PE'),
    (3195, 'Araripina', 'PE'),
    (3196, 'Arcoverde', 'PE'),
    (3197, 'Barra de Guabiraba', 'PE'),
    (3198, 'Barreiros', 'PE'),
    (3199, 'Belém de Maria', 'PE'),
    (3200, 'Belém de São Francisco', 'PE'),
    (3201, 'Belo Jardim', 'PE'),
    (3202, 'Betânia', 'PE'),
    (3203, 'Bezerros', 'PE'),
    (3204, 'Bodocó', 'PE'),
    (3205, 'Bom Conselho', 'PE'),
    (3206, 'Bom Jardim', 'PE'),
    (3207, 'Bonito', 'PE'),
    (3208, 'Brejão', 'PE'),
    (3209, 'Brejinho', 'PE'),
    (3210, 'Brejo da Madre de Deus', 'PE'),
    (3211, 'Buenos Aires', 'PE'),
    (3212, 'Buíque', 'PE'),
    (3213, 'Cabo de Santo Agostinho', 'PE'),
    (3214, 'Cabrobó', 'PE'),
    (3215, 'Cachoeirinha', 'PE'),
    (3216, 'Caetés', 'PE'),
    (3217, 'Calçado', 'PE'),
    (3218, 'Calumbi', 'PE'),
    (3219, 'Camaragibe', 'PE'),
    (3220, 'Camocim de São Félix', 'PE'),
    (3221, 'Camutanga', 'PE'),
    (3222, 'Canhotinho', 'PE'),
    (3223, 'Capoeiras', 'PE'),
    (3224, 'Carnaíba', 'PE'),
    (3225, 'Carnaubeira da Penha', 'PE'),
    (3226, 'Carpina', 'PE'),
    (3227, 'Caruaru', 'PE'),
    (3228, 'Casinhas', 'PE'),
    (3229, 'Catende', 'PE'),
    (3230, 'Cedro', 'PE'),
    (3231, 'Chã de Alegria', 'PE'),
    (3232, 'Chã Grande', 'PE'),
    (3233, 'Condado', 'PE'),
    (3234, 'Correntes', 'PE'),
    (3235, 'Cortês', 'PE'),
    (3236, 'Cumaru', 'PE'),
    (3237, 'Cupira', 'PE'),
    (3238, 'Custódia', 'PE'),
    (3239, 'Dormentes', 'PE'),
    (3240, 'Escada', 'PE'),
    (3241, 'Exu', 'PE'),
    (3242, 'Feira Nova', 'PE'),
    (3243, 'Fernando de Noronha', 'PE'),
    (3244, 'Ferreiros', 'PE'),
    (3245, 'Flores', 'PE'),
    (3246, 'Floresta', 'PE'),
    (3247, 'Frei Miguelinho', 'PE'),
    (3248, 'Gameleira', 'PE'),
    (3249, 'Garanhuns', 'PE'),
    (3250, 'Glória do Goitá', 'PE'),
    (3251, 'Goiana', 'PE'),
    (3252, 'Granito', 'PE'),
    (3253, 'Gravatá', 'PE'),
    (3254, 'Iati', 'PE'),
    (3255, 'Ibimirim', 'PE'),
    (3256, 'Ibirajuba', 'PE'),
    (3257, 'Igarassu', 'PE'),
    (3258, 'Iguaraci', 'PE'),
    (3259, 'Ilha de Itamaracá', 'PE'),
    (3260, 'Inajá', 'PE'),
    (3261, 'Ingazeira', 'PE'),
    (3262, 'Ipojuca', 'PE'),
    (3263, 'Ipubi', 'PE'),
    (3264, 'Itacuruba', 'PE'),
    (3265, 'Itaíba', 'PE'),
    (3266, 'Itambé', 'PE'),
    (3267, 'Itapetim', 'PE'),
    (3268, 'Itapissuma', 'PE'),
    (3269, 'Itaquitinga', 'PE'),
    (3270, 'Jaboatão dos Guararapes', 'PE'),
    (3271, 'Jaqueira', 'PE'),
    (3272, 'Jataúba', 'PE'),
    (3273, 'Jatobá', 'PE'),
    (3274, 'João Alfredo', 'PE'),
    (3275, 'Joaquim Nabuco', 'PE'),
    (3276, 'Jucati', 'PE'),
    (3277, 'Jupi', 'PE'),
    (3278, 'Jurema', 'PE'),
    (3279, 'Lagoa do Carro', 'PE'),
    (3280, 'Lagoa do Itaenga', 'PE'),
    (3281, 'Lagoa do Ouro', 'PE'),
    (3282, 'Lagoa dos Gatos', 'PE'),
    (3283, 'Lagoa Grande', 'PE'),
    (3284, 'Lajedo', 'PE'),
    (3285, 'Limoeiro', 'PE'),
    (3286, 'Macaparana', 'PE'),
    (3287, 'Machados', 'PE'),
    (3288, 'Manari', 'PE'),
    (3289, 'Maraial', 'PE'),
    (3290, 'Mirandiba', 'PE'),
    (3291, 'Moreilândia', 'PE'),
    (3292, 'Moreno', 'PE'),
    (3293, 'Nazaré da Mata', 'PE'),
    (3294, 'Olinda', 'PE'),
    (3295, 'Orobó', 'PE'),
    (3296, 'Orocó', 'PE'),
    (3297, 'Ouricuri', 'PE'),
    (3298, 'Palmares', 'PE'),
    (3299, 'Palmeirina', 'PE'),
    (3300, 'Panelas', 'PE'),
    (3301, 'Paranatama', 'PE'),
    (3302, 'Parnamirim', 'PE'),
    (3303, 'Passira', 'PE'),
    (3304, 'Paudalho', 'PE'),
    (3305, 'Paulista', 'PE'),
    (3306, 'Pedra', 'PE'),
    (3307, 'Pesqueira', 'PE'),
    (3308, 'Petrolândia', 'PE'),
    (3309, 'Petrolina', 'PE'),
    (3310, 'Poção', 'PE'),
    (3311, 'Pombos', 'PE'),
    (3312, 'Primavera', 'PE'),
    (3313, 'Quipapá', 'PE'),
    (3314, 'Quixaba', 'PE'),
    (3315, 'Recife', 'PE'),
    (3316, 'Riacho das Almas', 'PE'),
    (3317, 'Ribeirão', 'PE'),
    (3318, 'Rio Formoso', 'PE'),
    (3319, 'Sairé', 'PE'),
    (3320, 'Salgadinho', 'PE'),
    (3321, 'Salgueiro', 'PE'),
    (3322, 'Saloá', 'PE'),
    (3323, 'Sanharó', 'PE'),
    (3324, 'Santa Cruz', 'PE'),
    (3325, 'Santa Cruz da Baixa Verde', 'PE'),
    (3326, 'Santa Cruz do Capibaribe', 'PE'),
    (3327, 'Santa Filomena', 'PE'),
    (3328, 'Santa Maria da Boa Vista', 'PE'),
    (3329, 'Santa Maria do Cambucá', 'PE'),
    (3330, 'Santa Terezinha', 'PE'),
    (3331, 'São Benedito do Sul', 'PE'),
    (3332, 'São Bento do Una', 'PE'),
    (3333, 'São Caitano', 'PE'),
    (3334, 'São João', 'PE'),
    (3335, 'São Joaquim do Monte', 'PE'),
    (3336, 'São José da Coroa Grande', 'PE'),
    (3337, 'São José do Belmonte', 'PE'),
    (3338, 'São José do Egito', 'PE'),
    (3339, 'São Lourenço da Mata', 'PE'),
    (3340, 'São Vicente Ferrer', 'PE'),
    (3341, 'Serra Talhada', 'PE'),
    (3342, 'Serrita', 'PE'),
    (3343, 'Sertânia', 'PE'),
    (3344, 'Sirinhaém', 'PE'),
    (3345, 'Solidão', 'PE'),
    (3346, 'Surubim', 'PE'),
    (3347, 'Tabira', 'PE'),
    (3348, 'Tacaimbó', 'PE'),
    (3349, 'Tacaratu', 'PE'),
    (3350, 'Tamandaré', 'PE'),
    (3351, 'Taquaritinga do Norte', 'PE'),
    (3352, 'Terezinha', 'PE'),
    (3353, 'Terra Nova', 'PE'),
    (3354, 'Timbaúba', 'PE'),
    (3355, 'Toritama', 'PE'),
    (3356, 'Tracunhaém', 'PE'),
    (3357, 'Trindade', 'PE'),
    (3358, 'Triunfo', 'PE'),
    (3359, 'Tupanatinga', 'PE'),
    (3360, 'Tuparetama', 'PE'),
    (3361, 'Venturosa', 'PE'),
    (3362, 'Verdejante', 'PE'),
    (3363, 'Vertente do Lério', 'PE'),
    (3364, 'Vertentes', 'PE'),
    (3365, 'Vicência', 'PE'),
    (3366, 'Vitória de Santo Antão', 'PE'),
    (3367, 'Xexéu', 'PE'),
    (3368, 'Acauã', 'PI'),
    (3369, 'Agricolândia', 'PI'),
    (3370, 'Água Branca', 'PI'),
    (3371, 'Alagoinha do Piauí', 'PI'),
    (3372, 'Alegrete do Piauí', 'PI'),
    (3373, 'Alto Longá', 'PI'),
    (3374, 'Altos', 'PI'),
    (3375, 'Alvorada do Gurguéia', 'PI'),
    (3376, 'Amarante', 'PI'),
    (3377, 'Angical do Piauí', 'PI'),
    (3378, 'Anísio de Abreu', 'PI'),
    (3379, 'Antônio Almeida', 'PI'),
    (3380, 'Aroazes', 'PI'),
    (3381, 'Aroeiras do Itaim', 'PI'),
    (3382, 'Arraial', 'PI'),
    (3383, 'Assunção do Piauí', 'PI'),
    (3384, 'Avelino Lopes', 'PI'),
    (3385, 'Baixa Grande do Ribeiro', 'PI'),
    (3386, 'Barra d`Alcântara', 'PI'),
    (3387, 'Barras', 'PI'),
    (3388, 'Barreiras do Piauí', 'PI'),
    (3389, 'Barro Duro', 'PI'),
    (3390, 'Batalha', 'PI'),
    (3391, 'Bela Vista do Piauí', 'PI'),
    (3392, 'Belém do Piauí', 'PI'),
    (3393, 'Beneditinos', 'PI'),
    (3394, 'Bertolínia', 'PI'),
    (3395, 'Betânia do Piauí', 'PI'),
    (3396, 'Boa Hora', 'PI'),
    (3397, 'Bocaina', 'PI'),
    (3398, 'Bom Jesus', 'PI'),
    (3399, 'Bom Princípio do Piauí', 'PI'),
    (3400, 'Bonfim do Piauí', 'PI'),
    (3401, 'Boqueirão do Piauí', 'PI'),
    (3402, 'Brasileira', 'PI'),
    (3403, 'Brejo do Piauí', 'PI'),
    (3404, 'Buriti dos Lopes', 'PI'),
    (3405, 'Buriti dos Montes', 'PI'),
    (3406, 'Cabeceiras do Piauí', 'PI'),
    (3407, 'Cajazeiras do Piauí', 'PI'),
    (3408, 'Cajueiro da Praia', 'PI'),
    (3409, 'Caldeirão Grande do Piauí', 'PI'),
    (3410, 'Campinas do Piauí', 'PI'),
    (3411, 'Campo Alegre do Fidalgo', 'PI'),
    (3412, 'Campo Grande do Piauí', 'PI'),
    (3413, 'Campo Largo do Piauí', 'PI'),
    (3414, 'Campo Maior', 'PI'),
    (3415, 'Canavieira', 'PI'),
    (3416, 'Canto do Buriti', 'PI'),
    (3417, 'Capitão de Campos', 'PI'),
    (3418, 'Capitão Gervásio Oliveira', 'PI'),
    (3419, 'Caracol', 'PI'),
    (3420, 'Caraúbas do Piauí', 'PI'),
    (3421, 'Caridade do Piauí', 'PI'),
    (3422, 'Castelo do Piauí', 'PI'),
    (3423, 'Caxingó', 'PI'),
    (3424, 'Cocal', 'PI'),
    (3425, 'Cocal de Telha', 'PI'),
    (3426, 'Cocal dos Alves', 'PI'),
    (3427, 'Coivaras', 'PI'),
    (3428, 'Colônia do Gurguéia', 'PI'),
    (3429, 'Colônia do Piauí', 'PI'),
    (3430, 'Conceição do Canindé', 'PI'),
    (3431, 'Coronel José Dias', 'PI'),
    (3432, 'Corrente', 'PI'),
    (3433, 'Cristalândia do Piauí', 'PI'),
    (3434, 'Cristino Castro', 'PI'),
    (3435, 'Curimatá', 'PI'),
    (3436, 'Currais', 'PI'),
    (3437, 'Curral Novo do Piauí', 'PI'),
    (3438, 'Curralinhos', 'PI'),
    (3439, 'Demerval Lobão', 'PI'),
    (3440, 'Dirceu Arcoverde', 'PI'),
    (3441, 'Dom Expedito Lopes', 'PI'),
    (3442, 'Dom Inocêncio', 'PI'),
    (3443, 'Domingos Mourão', 'PI'),
    (3444, 'Elesbão Veloso', 'PI'),
    (3445, 'Eliseu Martins', 'PI'),
    (3446, 'Esperantina', 'PI'),
    (3447, 'Fartura do Piauí', 'PI'),
    (3448, 'Flores do Piauí', 'PI'),
    (3449, 'Floresta do Piauí', 'PI'),
    (3450, 'Floriano', 'PI'),
    (3451, 'Francinópolis', 'PI'),
    (3452, 'Francisco Ayres', 'PI'),
    (3453, 'Francisco Macedo', 'PI'),
    (3454, 'Francisco Santos', 'PI'),
    (3455, 'Fronteiras', 'PI'),
    (3456, 'Geminiano', 'PI'),
    (3457, 'Gilbués', 'PI'),
    (3458, 'Guadalupe', 'PI'),
    (3459, 'Guaribas', 'PI'),
    (3460, 'Hugo Napoleão', 'PI'),
    (3461, 'Ilha Grande', 'PI'),
    (3462, 'Inhuma', 'PI'),
    (3463, 'Ipiranga do Piauí', 'PI'),
    (3464, 'Isaías Coelho', 'PI'),
    (3465, 'Itainópolis', 'PI'),
    (3466, 'Itaueira', 'PI'),
    (3467, 'Jacobina do Piauí', 'PI'),
    (3468, 'Jaicós', 'PI'),
    (3469, 'Jardim do Mulato', 'PI'),
    (3470, 'Jatobá do Piauí', 'PI'),
    (3471, 'Jerumenha', 'PI'),
    (3472, 'João Costa', 'PI'),
    (3473, 'Joaquim Pires', 'PI'),
    (3474, 'Joca Marques', 'PI'),
    (3475, 'José de Freitas', 'PI'),
    (3476, 'Juazeiro do Piauí', 'PI'),
    (3477, 'Júlio Borges', 'PI'),
    (3478, 'Jurema', 'PI'),
    (3479, 'Lagoa Alegre', 'PI'),
    (3480, 'Lagoa de São Francisco', 'PI'),
    (3481, 'Lagoa do Barro do Piauí', 'PI'),
    (3482, 'Lagoa do Piauí', 'PI'),
    (3483, 'Lagoa do Sítio', 'PI'),
    (3484, 'Lagoinha do Piauí', 'PI'),
    (3485, 'Landri Sales', 'PI'),
    (3486, 'Luís Correia', 'PI'),
    (3487, 'Luzilândia', 'PI'),
    (3488, 'Madeiro', 'PI'),
    (3489, 'Manoel Emídio', 'PI'),
    (3490, 'Marcolândia', 'PI'),
    (3491, 'Marcos Parente', 'PI'),
    (3492, 'Massapê do Piauí', 'PI'),
    (3493, 'Matias Olímpio', 'PI'),
    (3494, 'Miguel Alves', 'PI'),
    (3495, 'Miguel Leão', 'PI'),
    (3496, 'Milton Brandão', 'PI'),
    (3497, 'Monsenhor Gil', 'PI'),
    (3498, 'Monsenhor Hipólito', 'PI'),
    (3499, 'Monte Alegre do Piauí', 'PI'),
    (3500, 'Morro Cabeça no Tempo', 'PI'),
    (3501, 'Morro do Chapéu do Piauí', 'PI'),
    (3502, 'Murici dos Portelas', 'PI'),
    (3503, 'Nazaré do Piauí', 'PI'),
    (3504, 'Nossa Senhora de Nazaré', 'PI'),
    (3505, 'Nossa Senhora dos Remédios', 'PI'),
    (3506, 'Nova Santa Rita', 'PI'),
    (3507, 'Novo Oriente do Piauí', 'PI'),
    (3508, 'Novo Santo Antônio', 'PI'),
    (3509, 'Oeiras', 'PI'),
    (3510, 'Olho d`Água do Piauí', 'PI'),
    (3511, 'Padre Marcos', 'PI'),
    (3512, 'Paes Landim', 'PI'),
    (3513, 'Pajeú do Piauí', 'PI'),
    (3514, 'Palmeira do Piauí', 'PI'),
    (3515, 'Palmeirais', 'PI'),
    (3516, 'Paquetá', 'PI'),
    (3517, 'Parnaguá', 'PI'),
    (3518, 'Parnaíba', 'PI'),
    (3519, 'Passagem Franca do Piauí', 'PI'),
    (3520, 'Patos do Piauí', 'PI'),
    (3521, 'Pau d`Arco do Piauí', 'PI'),
    (3522, 'Paulistana', 'PI'),
    (3523, 'Pavussu', 'PI'),
    (3524, 'Pedro II', 'PI'),
    (3525, 'Pedro Laurentino', 'PI'),
    (3526, 'Picos', 'PI'),
    (3527, 'Pimenteiras', 'PI'),
    (3528, 'Pio IX', 'PI'),
    (3529, 'Piracuruca', 'PI'),
    (3530, 'Piripiri', 'PI'),
    (3531, 'Porto', 'PI'),
    (3532, 'Porto Alegre do Piauí', 'PI'),
    (3533, 'Prata do Piauí', 'PI'),
    (3534, 'Queimada Nova', 'PI'),
    (3535, 'Redenção do Gurguéia', 'PI'),
    (3536, 'Regeneração', 'PI'),
    (3537, 'Riacho Frio', 'PI'),
    (3538, 'Ribeira do Piauí', 'PI'),
    (3539, 'Ribeiro Gonçalves', 'PI'),
    (3540, 'Rio Grande do Piauí', 'PI'),
    (3541, 'Santa Cruz do Piauí', 'PI'),
    (3542, 'Santa Cruz dos Milagres', 'PI'),
    (3543, 'Santa Filomena', 'PI'),
    (3544, 'Santa Luz', 'PI'),
    (3545, 'Santa Rosa do Piauí', 'PI'),
    (3546, 'Santana do Piauí', 'PI'),
    (3547, 'Santo Antônio de Lisboa', 'PI'),
    (3548, 'Santo Antônio dos Milagres', 'PI'),
    (3549, 'Santo Inácio do Piauí', 'PI'),
    (3550, 'São Braz do Piauí', 'PI'),
    (3551, 'São Félix do Piauí', 'PI'),
    (3552, 'São Francisco de Assis do Piauí', 'PI'),
    (3553, 'São Francisco do Piauí', 'PI'),
    (3554, 'São Gonçalo do Gurguéia', 'PI'),
    (3555, 'São Gonçalo do Piauí', 'PI'),
    (3556, 'São João da Canabrava', 'PI'),
    (3557, 'São João da Fronteira', 'PI'),
    (3558, 'São João da Serra', 'PI'),
    (3559, 'São João da Varjota', 'PI'),
    (3560, 'São João do Arraial', 'PI'),
    (3561, 'São João do Piauí', 'PI'),
    (3562, 'São José do Divino', 'PI'),
    (3563, 'São José do Peixe', 'PI'),
    (3564, 'São José do Piauí', 'PI'),
    (3565, 'São Julião', 'PI'),
    (3566, 'São Lourenço do Piauí', 'PI'),
    (3567, 'São Luis do Piauí', 'PI'),
    (3568, 'São Miguel da Baixa Grande', 'PI'),
    (3569, 'São Miguel do Fidalgo', 'PI'),
    (3570, 'São Miguel do Tapuio', 'PI'),
    (3571, 'São Pedro do Piauí', 'PI'),
    (3572, 'São Raimundo Nonato', 'PI'),
    (3573, 'Sebastião Barros', 'PI'),
    (3574, 'Sebastião Leal', 'PI'),
    (3575, 'Sigefredo Pacheco', 'PI'),
    (3576, 'Simões', 'PI'),
    (3577, 'Simplício Mendes', 'PI'),
    (3578, 'Socorro do Piauí', 'PI'),
    (3579, 'Sussuapara', 'PI'),
    (3580, 'Tamboril do Piauí', 'PI'),
    (3581, 'Tanque do Piauí', 'PI'),
    (3582, 'Teresina', 'PI'),
    (3583, 'União', 'PI'),
    (3584, 'Uruçuí', 'PI'),
    (3585, 'Valença do Piauí', 'PI'),
    (3586, 'Várzea Branca', 'PI'),
    (3587, 'Várzea Grande', 'PI'),
    (3588, 'Vera Mendes', 'PI'),
    (3589, 'Vila Nova do Piauí', 'PI'),
    (3590, 'Wall Ferraz', 'PI'),
    (3591, 'Angra dos Reis', 'RJ'),
    (3592, 'Aperibé', 'RJ'),
    (3593, 'Araruama', 'RJ'),
    (3594, 'Areal', 'RJ'),
    (3595, 'Armação dos Búzios', 'RJ'),
    (3596, 'Arraial do Cabo', 'RJ'),
    (3597, 'Barra do Piraí', 'RJ'),
    (3598, 'Barra Mansa', 'RJ'),
    (3599, 'Belford Roxo', 'RJ'),
    (3600, 'Bom Jardim', 'RJ'),
    (3601, 'Bom Jesus do Itabapoana', 'RJ'),
    (3602, 'Cabo Frio', 'RJ'),
    (3603, 'Cachoeiras de Macacu', 'RJ'),
    (3604, 'Cambuci', 'RJ'),
    (3605, 'Campos dos Goytacazes', 'RJ'),
    (3606, 'Cantagalo', 'RJ'),
    (3607, 'Carapebus', 'RJ'),
    (3608, 'Cardoso Moreira', 'RJ'),
    (3609, 'Carmo', 'RJ'),
    (3610, 'Casimiro de Abreu', 'RJ'),
    (3611, 'Comendador Levy Gasparian', 'RJ'),
    (3612, 'Conceição de Macabu', 'RJ'),
    (3613, 'Cordeiro', 'RJ'),
    (3614, 'Duas Barras', 'RJ'),
    (3615, 'Duque de Caxias', 'RJ'),
    (3616, 'Engenheiro Paulo de Frontin', 'RJ'),
    (3617, 'Guapimirim', 'RJ'),
    (3618, 'Iguaba Grande', 'RJ'),
    (3619, 'Itaboraí', 'RJ'),
    (3620, 'Itaguaí', 'RJ'),
    (3621, 'Italva', 'RJ'),
    (3622, 'Itaocara', 'RJ'),
    (3623, 'Itaperuna', 'RJ'),
    (3624, 'Itatiaia', 'RJ'),
    (3625, 'Japeri', 'RJ'),
    (3626, 'Laje do Muriaé', 'RJ'),
    (3627, 'Macaé', 'RJ'),
    (3628, 'Macuco', 'RJ'),
    (3629, 'Magé', 'RJ'),
    (3630, 'Mangaratiba', 'RJ'),
    (3631, 'Maricá', 'RJ'),
    (3632, 'Mendes', 'RJ'),
    (3633, 'Mesquita', 'RJ'),
    (3634, 'Miguel Pereira', 'RJ'),
    (3635, 'Miracema', 'RJ'),
    (3636, 'Natividade', 'RJ'),
    (3637, 'Nilópolis', 'RJ'),
    (3638, 'Niterói', 'RJ'),
    (3639, 'Nova Friburgo', 'RJ'),
    (3640, 'Nova Iguaçu', 'RJ'),
    (3641, 'Paracambi', 'RJ'),
    (3642, 'Paraíba do Sul', 'RJ'),
    (3643, 'Parati', 'RJ'),
    (3644, 'Paty do Alferes', 'RJ'),
    (3645, 'Petrópolis', 'RJ'),
    (3646, 'Pinheiral', 'RJ'),
    (3647, 'Piraí', 'RJ'),
    (3648, 'Porciúncula', 'RJ'),
    (3649, 'Porto Real', 'RJ'),
    (3650, 'Quatis', 'RJ'),
    (3651, 'Queimados', 'RJ'),
    (3652, 'Quissamã', 'RJ'),
    (3653, 'Resende', 'RJ'),
    (3654, 'Rio Bonito', 'RJ'),
    (3655, 'Rio Claro', 'RJ'),
    (3656, 'Rio das Flores', 'RJ'),
    (3657, 'Rio das Ostras', 'RJ'),
    (3658, 'Rio de Janeiro', 'RJ'),
    (3659, 'Santa Maria Madalena', 'RJ'),
    (3660, 'Santo Antônio de Pádua', 'RJ'),
    (3661, 'São Fidélis', 'RJ'),
    (3662, 'São Francisco de Itabapoana', 'RJ'),
    (3663, 'São Gonçalo', 'RJ'),
    (3664, 'São João da Barra', 'RJ'),
    (3665, 'São João de Meriti', 'RJ'),
    (3666, 'São José de Ubá', 'RJ'),
    (3667, 'São José do Vale do Rio Pret', 'RJ'),
    (3668, 'São Pedro da Aldeia', 'RJ'),
    (3669, 'São Sebastião do Alto', 'RJ'),
    (3670, 'Sapucaia', 'RJ'),
    (3671, 'Saquarema', 'RJ'),
    (3672, 'Seropédica', 'RJ'),
    (3673, 'Silva Jardim', 'RJ'),
    (3674, 'Sumidouro', 'RJ'),
    (3675, 'Tanguá', 'RJ'),
    (3676, 'Teresópolis', 'RJ'),
    (3677, 'Trajano de Morais', 'RJ'),
    (3678, 'Três Rios', 'RJ'),
    (3679, 'Valença', 'RJ'),
    (3680, 'Varre-Sai', 'RJ'),
    (3681, 'Vassouras', 'RJ'),
    (3682, 'Volta Redonda', 'RJ'),
    (3683, 'Acari', 'RN'),
    (3684, 'Açu', 'RN'),
    (3685, 'Afonso Bezerra', 'RN'),
    (3686, 'Água Nova', 'RN'),
    (3687, 'Alexandria', 'RN'),
    (3688, 'Almino Afonso', 'RN'),
    (3689, 'Alto do Rodrigues', 'RN'),
    (3690, 'Angicos', 'RN'),
    (3691, 'Antônio Martins', 'RN'),
    (3692, 'Apodi', 'RN'),
    (3693, 'Areia Branca', 'RN'),
    (3694, 'Arês', 'RN'),
    (3695, 'Augusto Severo', 'RN'),
    (3696, 'Baía Formosa', 'RN'),
    (3697, 'Baraúna', 'RN'),
    (3698, 'Barcelona', 'RN'),
    (3699, 'Bento Fernandes', 'RN'),
    (3700, 'Bodó', 'RN'),
    (3701, 'Bom Jesus', 'RN'),
    (3702, 'Brejinho', 'RN'),
    (3703, 'Caiçara do Norte', 'RN'),
    (3704, 'Caiçara do Rio do Vento', 'RN'),
    (3705, 'Caicó', 'RN'),
    (3706, 'Campo Redondo', 'RN'),
    (3707, 'Canguaretama', 'RN'),
    (3708, 'Caraúbas', 'RN'),
    (3709, 'Carnaúba dos Dantas', 'RN'),
    (3710, 'Carnaubais', 'RN'),
    (3711, 'Ceará-Mirim', 'RN'),
    (3712, 'Cerro Corá', 'RN'),
    (3713, 'Coronel Ezequiel', 'RN'),
    (3714, 'Coronel João Pessoa', 'RN'),
    (3715, 'Cruzeta', 'RN'),
    (3716, 'Currais Novos', 'RN'),
    (3717, 'Doutor Severiano', 'RN'),
    (3718, 'Encanto', 'RN'),
    (3719, 'Equador', 'RN'),
    (3720, 'Espírito Santo', 'RN'),
    (3721, 'Extremoz', 'RN'),
    (3722, 'Felipe Guerra', 'RN'),
    (3723, 'Fernando Pedroza', 'RN'),
    (3724, 'Florânia', 'RN'),
    (3725, 'Francisco Dantas', 'RN'),
    (3726, 'Frutuoso Gomes', 'RN'),
    (3727, 'Galinhos', 'RN'),
    (3728, 'Goianinha', 'RN'),
    (3729, 'Governador Dix-Sept Rosado', 'RN'),
    (3730, 'Grossos', 'RN'),
    (3731, 'Guamaré', 'RN'),
    (3732, 'Ielmo Marinho', 'RN'),
    (3733, 'Ipanguaçu', 'RN'),
    (3734, 'Ipueira', 'RN'),
    (3735, 'Itajá', 'RN'),
    (3736, 'Itaú', 'RN'),
    (3737, 'Jaçanã', 'RN'),
    (3738, 'Jandaíra', 'RN'),
    (3739, 'Janduís', 'RN'),
    (3740, 'Januário Cicco', 'RN'),
    (3741, 'Japi', 'RN'),
    (3742, 'Jardim de Angicos', 'RN'),
    (3743, 'Jardim de Piranhas', 'RN'),
    (3744, 'Jardim do Seridó', 'RN'),
    (3745, 'João Câmara', 'RN'),
    (3746, 'João Dias', 'RN'),
    (3747, 'José da Penha', 'RN'),
    (3748, 'Jucurutu', 'RN'),
    (3749, 'Jundiá', 'RN'),
    (3750, 'Lagoa d`Anta', 'RN'),
    (3751, 'Lagoa de Pedras', 'RN'),
    (3752, 'Lagoa de Velhos', 'RN'),
    (3753, 'Lagoa Nova', 'RN'),
    (3754, 'Lagoa Salgada', 'RN'),
    (3755, 'Lajes', 'RN'),
    (3756, 'Lajes Pintadas', 'RN'),
    (3757, 'Lucrécia', 'RN'),
    (3758, 'Luís Gomes', 'RN'),
    (3759, 'Macaíba', 'RN'),
    (3760, 'Macau', 'RN'),
    (3761, 'Major Sales', 'RN'),
    (3762, 'Marcelino Vieira', 'RN'),
    (3763, 'Martins', 'RN'),
    (3764, 'Maxaranguape', 'RN'),
    (3765, 'Messias Targino', 'RN'),
    (3766, 'Montanhas', 'RN'),
    (3767, 'Monte Alegre', 'RN'),
    (3768, 'Monte das Gameleiras', 'RN'),
    (3769, 'Mossoró', 'RN'),
    (3770, 'Natal', 'RN'),
    (3771, 'Nísia Floresta', 'RN'),
    (3772, 'Nova Cruz', 'RN'),
    (3773, 'Olho-d`Água do Borges', 'RN'),
    (3774, 'Ouro Branco', 'RN'),
    (3775, 'Paraná', 'RN'),
    (3776, 'Paraú', 'RN'),
    (3777, 'Parazinho', 'RN'),
    (3778, 'Parelhas', 'RN'),
    (3779, 'Parnamirim', 'RN'),
    (3780, 'Passa e Fica', 'RN'),
    (3781, 'Passagem', 'RN'),
    (3782, 'Patu', 'RN'),
    (3783, 'Pau dos Ferros', 'RN'),
    (3784, 'Pedra Grande', 'RN'),
    (3785, 'Pedra Preta', 'RN'),
    (3786, 'Pedro Avelino', 'RN'),
    (3787, 'Pedro Velho', 'RN'),
    (3788, 'Pendências', 'RN'),
    (3789, 'Pilões', 'RN'),
    (3790, 'Poço Branco', 'RN'),
    (3791, 'Portalegre', 'RN'),
    (3792, 'Porto do Mangue', 'RN'),
    (3793, 'Presidente Juscelino', 'RN'),
    (3794, 'Pureza', 'RN'),
    (3795, 'Rafael Fernandes', 'RN'),
    (3796, 'Rafael Godeiro', 'RN'),
    (3797, 'Riacho da Cruz', 'RN'),
    (3798, 'Riacho de Santana', 'RN'),
    (3799, 'Riachuelo', 'RN'),
    (3800, 'Rio do Fogo', 'RN'),
    (3801, 'Rodolfo Fernandes', 'RN'),
    (3802, 'Ruy Barbosa', 'RN'),
    (3803, 'Santa Cruz', 'RN'),
    (3804, 'Santa Maria', 'RN'),
    (3805, 'Santana do Matos', 'RN'),
    (3806, 'Santana do Seridó', 'RN'),
    (3807, 'Santo Antônio', 'RN'),
    (3808, 'São Bento do Norte', 'RN'),
    (3809, 'São Bento do Trairí', 'RN'),
    (3810, 'São Fernando', 'RN'),
    (3811, 'São Francisco do Oeste', 'RN'),
    (3812, 'São Gonçalo do Amarante', 'RN'),
    (3813, 'São João do Sabugi', 'RN'),
    (3814, 'São José de Mipibu', 'RN'),
    (3815, 'São José do Campestre', 'RN'),
    (3816, 'São José do Seridó', 'RN'),
    (3817, 'São Miguel', 'RN'),
    (3818, 'São Miguel do Gostoso', 'RN'),
    (3819, 'São Paulo do Potengi', 'RN'),
    (3820, 'São Pedro', 'RN'),
    (3821, 'São Rafael', 'RN'),
    (3822, 'São Tomé', 'RN'),
    (3823, 'São Vicente', 'RN'),
    (3824, 'Senador Elói de Souza', 'RN'),
    (3825, 'Senador Georgino Avelino', 'RN'),
    (3826, 'Serra de São Bento', 'RN'),
    (3827, 'Serra do Mel', 'RN'),
    (3828, 'Serra Negra do Norte', 'RN'),
    (3829, 'Serrinha', 'RN'),
    (3830, 'Serrinha dos Pintos', 'RN'),
    (3831, 'Severiano Melo', 'RN'),
    (3832, 'Sítio Novo', 'RN'),
    (3833, 'Taboleiro Grande', 'RN'),
    (3834, 'Taipu', 'RN'),
    (3835, 'Tangará', 'RN'),
    (3836, 'Tenente Ananias', 'RN'),
    (3837, 'Tenente Laurentino Cruz', 'RN'),
    (3838, 'Tibau', 'RN'),
    (3839, 'Tibau do Sul', 'RN'),
    (3840, 'Timbaúba dos Batistas', 'RN'),
    (3841, 'Touros', 'RN'),
    (3842, 'Triunfo Potiguar', 'RN'),
    (3843, 'Umarizal', 'RN'),
    (3844, 'Upanema', 'RN'),
    (3845, 'Várzea', 'RN'),
    (3846, 'Venha-Ver', 'RN'),
    (3847, 'Vera Cruz', 'RN'),
    (3848, 'Viçosa', 'RN'),
    (3849, 'Vila Flor', 'RN'),
    (3850, 'Aceguá', 'RS'),
    (3851, 'Água Santa', 'RS'),
    (3852, 'Agudo', 'RS'),
    (3853, 'Ajuricaba', 'RS'),
    (3854, 'Alecrim', 'RS'),
    (3855, 'Alegrete', 'RS'),
    (3856, 'Alegria', 'RS'),
    (3857, 'Almirante Tamandaré do Sul', 'RS'),
    (3858, 'Alpestre', 'RS'),
    (3859, 'Alto Alegre', 'RS'),
    (3860, 'Alto Feliz', 'RS'),
    (3861, 'Alvorada', 'RS'),
    (3862, 'Amaral Ferrador', 'RS'),
    (3863, 'Ametista do Sul', 'RS'),
    (3864, 'André da Rocha', 'RS'),
    (3865, 'Anta Gorda', 'RS'),
    (3866, 'Antônio Prado', 'RS'),
    (3867, 'Arambaré', 'RS'),
    (3868, 'Araricá', 'RS'),
    (3869, 'Aratiba', 'RS'),
    (3870, 'Arroio do Meio', 'RS'),
    (3871, 'Arroio do Padre', 'RS'),
    (3872, 'Arroio do Sal', 'RS'),
    (3873, 'Arroio do Tigre', 'RS'),
    (3874, 'Arroio dos Ratos', 'RS'),
    (3875, 'Arroio Grande', 'RS'),
    (3876, 'Arvorezinha', 'RS'),
    (3877, 'Augusto Pestana', 'RS'),
    (3878, 'Áurea', 'RS'),
    (3879, 'Bagé', 'RS'),
    (3880, 'Balneário Pinhal', 'RS'),
    (3881, 'Barão', 'RS'),
    (3882, 'Barão de Cotegipe', 'RS'),
    (3883, 'Barão do Triunfo', 'RS'),
    (3884, 'Barra do Guarita', 'RS'),
    (3885, 'Barra do Quaraí', 'RS'),
    (3886, 'Barra do Ribeiro', 'RS'),
    (3887, 'Barra do Rio Azul', 'RS'),
    (3888, 'Barra Funda', 'RS'),
    (3889, 'Barracão', 'RS'),
    (3890, 'Barros Cassal', 'RS'),
    (3891, 'Benjamin Constant do Sul', 'RS'),
    (3892, 'Bento Gonçalves', 'RS'),
    (3893, 'Boa Vista das Missões', 'RS'),
    (3894, 'Boa Vista do Buricá', 'RS'),
    (3895, 'Boa Vista do Cadeado', 'RS'),
    (3896, 'Boa Vista do Incra', 'RS'),
    (3897, 'Boa Vista do Sul', 'RS'),
    (3898, 'Bom Jesus', 'RS'),
    (3899, 'Bom Princípio', 'RS'),
    (3900, 'Bom Progresso', 'RS'),
    (3901, 'Bom Retiro do Sul', 'RS'),
    (3902, 'Boqueirão do Leão', 'RS'),
    (3903, 'Bossoroca', 'RS'),
    (3904, 'Bozano', 'RS'),
    (3905, 'Braga', 'RS'),
    (3906, 'Brochier', 'RS'),
    (3907, 'Butiá', 'RS'),
    (3908, 'Caçapava do Sul', 'RS'),
    (3909, 'Cacequi', 'RS'),
    (3910, 'Cachoeira do Sul', 'RS'),
    (3911, 'Cachoeirinha', 'RS'),
    (3912, 'Cacique Doble', 'RS'),
    (3913, 'Caibaté', 'RS'),
    (3914, 'Caiçara', 'RS'),
    (3915, 'Camaquã', 'RS'),
    (3916, 'Camargo', 'RS'),
    (3917, 'Cambará do Sul', 'RS'),
    (3918, 'Campestre da Serra', 'RS'),
    (3919, 'Campina das Missões', 'RS'),
    (3920, 'Campinas do Sul', 'RS'),
    (3921, 'Campo Bom', 'RS'),
    (3922, 'Campo Novo', 'RS'),
    (3923, 'Campos Borges', 'RS'),
    (3924, 'Candelária', 'RS'),
    (3925, 'Cândido Godói', 'RS'),
    (3926, 'Candiota', 'RS'),
    (3927, 'Canela', 'RS'),
    (3928, 'Canguçu', 'RS'),
    (3929, 'Canoas', 'RS'),
    (3930, 'Canudos do Vale', 'RS'),
    (3931, 'Capão Bonito do Sul', 'RS'),
    (3932, 'Capão da Canoa', 'RS'),
    (3933, 'Capão do Cipó', 'RS'),
    (3934, 'Capão do Leão', 'RS'),
    (3935, 'Capela de Santana', 'RS'),
    (3936, 'Capitão', 'RS'),
    (3937, 'Capivari do Sul', 'RS'),
    (3938, 'Caraá', 'RS'),
    (3939, 'Carazinho', 'RS'),
    (3940, 'Carlos Barbosa', 'RS'),
    (3941, 'Carlos Gomes', 'RS'),
    (3942, 'Casca', 'RS'),
    (3943, 'Caseiros', 'RS'),
    (3944, 'Catuípe', 'RS'),
    (3945, 'Caxias do Sul', 'RS'),
    (3946, 'Centenário', 'RS'),
    (3947, 'Cerrito', 'RS'),
    (3948, 'Cerro Branco', 'RS'),
    (3949, 'Cerro Grande', 'RS'),
    (3950, 'Cerro Grande do Sul', 'RS'),
    (3951, 'Cerro Largo', 'RS'),
    (3952, 'Chapada', 'RS'),
    (3953, 'Charqueadas', 'RS'),
    (3954, 'Charrua', 'RS'),
    (3955, 'Chiapeta', 'RS'),
    (3956, 'Chuí', 'RS'),
    (3957, 'Chuvisca', 'RS'),
    (3958, 'Cidreira', 'RS'),
    (3959, 'Ciríaco', 'RS'),
    (3960, 'Colinas', 'RS'),
    (3961, 'Colorado', 'RS'),
    (3962, 'Condor', 'RS'),
    (3963, 'Constantina', 'RS'),
    (3964, 'Coqueiro Baixo', 'RS'),
    (3965, 'Coqueiros do Sul', 'RS'),
    (3966, 'Coronel Barros', 'RS'),
    (3967, 'Coronel Bicaco', 'RS'),
    (3968, 'Coronel Pilar', 'RS'),
    (3969, 'Cotiporã', 'RS'),
    (3970, 'Coxilha', 'RS'),
    (3971, 'Crissiumal', 'RS'),
    (3972, 'Cristal', 'RS'),
    (3973, 'Cristal do Sul', 'RS'),
    (3974, 'Cruz Alta', 'RS'),
    (3975, 'Cruzaltense', 'RS'),
    (3976, 'Cruzeiro do Sul', 'RS'),
    (3977, 'David Canabarro', 'RS'),
    (3978, 'Derrubadas', 'RS'),
    (3979, 'Dezesseis de Novembro', 'RS'),
    (3980, 'Dilermando de Aguiar', 'RS'),
    (3981, 'Dois Irmãos', 'RS'),
    (3982, 'Dois Irmãos das Missões', 'RS'),
    (3983, 'Dois Lajeados', 'RS'),
    (3984, 'Dom Feliciano', 'RS'),
    (3985, 'Dom Pedrito', 'RS'),
    (3986, 'Dom Pedro de Alcântara', 'RS'),
    (3987, 'Dona Francisca', 'RS'),
    (3988, 'Doutor Maurício Cardoso', 'RS'),
    (3989, 'Doutor Ricardo', 'RS'),
    (3990, 'Eldorado do Sul', 'RS'),
    (3991, 'Encantado', 'RS'),
    (3992, 'Encruzilhada do Sul', 'RS'),
    (3993, 'Engenho Velho', 'RS'),
    (3994, 'Entre Rios do Sul', 'RS'),
    (3995, 'Entre-Ijuís', 'RS'),
    (3996, 'Erebango', 'RS'),
    (3997, 'Erechim', 'RS'),
    (3998, 'Ernestina', 'RS'),
    (3999, 'Erval Grande', 'RS'),
    (4000, 'Erval Seco', 'RS'),
    (4001, 'Esmeralda', 'RS'),
    (4002, 'Esperança do Sul', 'RS'),
    (4003, 'Espumoso', 'RS'),
    (4004, 'Estação', 'RS'),
    (4005, 'Estância Velha', 'RS'),
    (4006, 'Esteio', 'RS'),
    (4007, 'Estrela', 'RS'),
    (4008, 'Estrela Velha', 'RS'),
    (4009, 'Eugênio de Castro', 'RS'),
    (4010, 'Fagundes Varela', 'RS'),
    (4011, 'Farroupilha', 'RS'),
    (4012, 'Faxinal do Soturno', 'RS'),
    (4013, 'Faxinalzinho', 'RS'),
    (4014, 'Fazenda Vilanova', 'RS'),
    (4015, 'Feliz', 'RS'),
    (4016, 'Flores da Cunha', 'RS'),
    (4017, 'Floriano Peixoto', 'RS'),
    (4018, 'Fontoura Xavier', 'RS'),
    (4019, 'Formigueiro', 'RS'),
    (4020, 'Forquetinha', 'RS'),
    (4021, 'Fortaleza dos Valos', 'RS'),
    (4022, 'Frederico Westphalen', 'RS'),
    (4023, 'Garibaldi', 'RS'),
    (4024, 'Garruchos', 'RS'),
    (4025, 'Gaurama', 'RS'),
    (4026, 'General Câmara', 'RS'),
    (4027, 'Gentil', 'RS'),
    (4028, 'Getúlio Vargas', 'RS'),
    (4029, 'Giruá', 'RS'),
    (4030, 'Glorinha', 'RS'),
    (4031, 'Gramado', 'RS'),
    (4032, 'Gramado dos Loureiros', 'RS'),
    (4033, 'Gramado Xavier', 'RS'),
    (4034, 'Gravataí', 'RS'),
    (4035, 'Guabiju', 'RS'),
    (4036, 'Guaíba', 'RS'),
    (4037, 'Guaporé', 'RS'),
    (4038, 'Guarani das Missões', 'RS'),
    (4039, 'Harmonia', 'RS'),
    (4040, 'Herval', 'RS'),
    (4041, 'Herveiras', 'RS'),
    (4042, 'Horizontina', 'RS'),
    (4043, 'Hulha Negra', 'RS'),
    (4044, 'Humaitá', 'RS'),
    (4045, 'Ibarama', 'RS'),
    (4046, 'Ibiaçá', 'RS'),
    (4047, 'Ibiraiaras', 'RS'),
    (4048, 'Ibirapuitã', 'RS'),
    (4049, 'Ibirubá', 'RS'),
    (4050, 'Igrejinha', 'RS'),
    (4051, 'Ijuí', 'RS'),
    (4052, 'Ilópolis', 'RS'),
    (4053, 'Imbé', 'RS'),
    (4054, 'Imigrante', 'RS'),
    (4055, 'Independência', 'RS'),
    (4056, 'Inhacorá', 'RS'),
    (4057, 'Ipê', 'RS'),
    (4058, 'Ipiranga do Sul', 'RS'),
    (4059, 'Iraí', 'RS'),
    (4060, 'Itaara', 'RS'),
    (4061, 'Itacurubi', 'RS'),
    (4062, 'Itapuca', 'RS'),
    (4063, 'Itaqui', 'RS'),
    (4064, 'Itati', 'RS'),
    (4065, 'Itatiba do Sul', 'RS'),
    (4066, 'Ivorá', 'RS'),
    (4067, 'Ivoti', 'RS'),
    (4068, 'Jaboticaba', 'RS'),
    (4069, 'Jacuizinho', 'RS'),
    (4070, 'Jacutinga', 'RS'),
    (4071, 'Jaguarão', 'RS'),
    (4072, 'Jaguari', 'RS'),
    (4073, 'Jaquirana', 'RS'),
    (4074, 'Jari', 'RS'),
    (4075, 'Jóia', 'RS'),
    (4076, 'Júlio de Castilhos', 'RS'),
    (4077, 'Lagoa Bonita do Sul', 'RS'),
    (4078, 'Lagoa dos Três Cantos', 'RS'),
    (4079, 'Lagoa Vermelha', 'RS'),
    (4080, 'Lagoão', 'RS'),
    (4081, 'Lajeado', 'RS'),
    (4082, 'Lajeado do Bugre', 'RS'),
    (4083, 'Lavras do Sul', 'RS'),
    (4084, 'Liberato Salzano', 'RS'),
    (4085, 'Lindolfo Collor', 'RS'),
    (4086, 'Linha Nova', 'RS'),
    (4087, 'Maçambara', 'RS'),
    (4088, 'Machadinho', 'RS'),
    (4089, 'Mampituba', 'RS'),
    (4090, 'Manoel Viana', 'RS'),
    (4091, 'Maquiné', 'RS'),
    (4092, 'Maratá', 'RS'),
    (4093, 'Marau', 'RS'),
    (4094, 'Marcelino Ramos', 'RS'),
    (4095, 'Mariana Pimentel', 'RS'),
    (4096, 'Mariano Moro', 'RS'),
    (4097, 'Marques de Souza', 'RS'),
    (4098, 'Mata', 'RS'),
    (4099, 'Mato Castelhano', 'RS'),
    (4100, 'Mato Leitão', 'RS'),
    (4101, 'Mato Queimado', 'RS'),
    (4102, 'Maximiliano de Almeida', 'RS'),
    (4103, 'Minas do Leão', 'RS'),
    (4104, 'Miraguaí', 'RS'),
    (4105, 'Montauri', 'RS'),
    (4106, 'Monte Alegre dos Campos', 'RS'),
    (4107, 'Monte Belo do Sul', 'RS'),
    (4108, 'Montenegro', 'RS'),
    (4109, 'Mormaço', 'RS'),
    (4110, 'Morrinhos do Sul', 'RS'),
    (4111, 'Morro Redondo', 'RS'),
    (4112, 'Morro Reuter', 'RS'),
    (4113, 'Mostardas', 'RS'),
    (4114, 'Muçum', 'RS'),
    (4115, 'Muitos Capões', 'RS'),
    (4116, 'Muliterno', 'RS'),
    (4117, 'Não-Me-Toque', 'RS'),
    (4118, 'Nicolau Vergueiro', 'RS'),
    (4119, 'Nonoai', 'RS'),
    (4120, 'Nova Alvorada', 'RS'),
    (4121, 'Nova Araçá', 'RS'),
    (4122, 'Nova Bassano', 'RS'),
    (4123, 'Nova Boa Vista', 'RS'),
    (4124, 'Nova Bréscia', 'RS'),
    (4125, 'Nova Candelária', 'RS'),
    (4126, 'Nova Esperança do Sul', 'RS'),
    (4127, 'Nova Hartz', 'RS'),
    (4128, 'Nova Pádua', 'RS'),
    (4129, 'Nova Palma', 'RS'),
    (4130, 'Nova Petrópolis', 'RS'),
    (4131, 'Nova Prata', 'RS'),
    (4132, 'Nova Ramada', 'RS'),
    (4133, 'Nova Roma do Sul', 'RS'),
    (4134, 'Nova Santa Rita', 'RS'),
    (4135, 'Novo Barreiro', 'RS'),
    (4136, 'Novo Cabrais', 'RS'),
    (4137, 'Novo Hamburgo', 'RS'),
    (4138, 'Novo Machado', 'RS'),
    (4139, 'Novo Tiradentes', 'RS'),
    (4140, 'Novo Xingu', 'RS'),
    (4141, 'Osório', 'RS'),
    (4142, 'Paim Filho', 'RS'),
    (4143, 'Palmares do Sul', 'RS'),
    (4144, 'Palmeira das Missões', 'RS'),
    (4145, 'Palmitinho', 'RS'),
    (4146, 'Panambi', 'RS'),
    (4147, 'Pantano Grande', 'RS'),
    (4148, 'Paraí', 'RS'),
    (4149, 'Paraíso do Sul', 'RS'),
    (4150, 'Pareci Novo', 'RS'),
    (4151, 'Parobé', 'RS'),
    (4152, 'Passa Sete', 'RS'),
    (4153, 'Passo do Sobrado', 'RS'),
    (4154, 'Passo Fundo', 'RS'),
    (4155, 'Paulo Bento', 'RS'),
    (4156, 'Paverama', 'RS'),
    (4157, 'Pedras Altas', 'RS'),
    (4158, 'Pedro Osório', 'RS'),
    (4159, 'Pejuçara', 'RS'),
    (4160, 'Pelotas', 'RS'),
    (4161, 'Picada Café', 'RS'),
    (4162, 'Pinhal', 'RS'),
    (4163, 'Pinhal da Serra', 'RS'),
    (4164, 'Pinhal Grande', 'RS'),
    (4165, 'Pinheirinho do Vale', 'RS'),
    (4166, 'Pinheiro Machado', 'RS'),
    (4167, 'Pirapó', 'RS'),
    (4168, 'Piratini', 'RS'),
    (4169, 'Planalto', 'RS'),
    (4170, 'Poço das Antas', 'RS'),
    (4171, 'Pontão', 'RS'),
    (4172, 'Ponte Preta', 'RS'),
    (4173, 'Portão', 'RS'),
    (4174, 'Porto Alegre', 'RS'),
    (4175, 'Porto Lucena', 'RS'),
    (4176, 'Porto Mauá', 'RS'),
    (4177, 'Porto Vera Cruz', 'RS'),
    (4178, 'Porto Xavier', 'RS'),
    (4179, 'Pouso Novo', 'RS'),
    (4180, 'Presidente Lucena', 'RS'),
    (4181, 'Progresso', 'RS'),
    (4182, 'Protásio Alves', 'RS'),
    (4183, 'Putinga', 'RS'),
    (4184, 'Quaraí', 'RS'),
    (4185, 'Quatro Irmãos', 'RS'),
    (4186, 'Quevedos', 'RS'),
    (4187, 'Quinze de Novembro', 'RS'),
    (4188, 'Redentora', 'RS'),
    (4189, 'Relvado', 'RS'),
    (4190, 'Restinga Seca', 'RS'),
    (4191, 'Rio dos Índios', 'RS'),
    (4192, 'Rio Grande', 'RS'),
    (4193, 'Rio Pardo', 'RS'),
    (4194, 'Riozinho', 'RS'),
    (4195, 'Roca Sales', 'RS'),
    (4196, 'Rodeio Bonito', 'RS'),
    (4197, 'Rolador', 'RS'),
    (4198, 'Rolante', 'RS'),
    (4199, 'Ronda Alta', 'RS'),
    (4200, 'Rondinha', 'RS'),
    (4201, 'Roque Gonzales', 'RS'),
    (4202, 'Rosário do Sul', 'RS'),
    (4203, 'Sagrada Família', 'RS'),
    (4204, 'Saldanha Marinho', 'RS'),
    (4205, 'Salto do Jacuí', 'RS'),
    (4206, 'Salvador das Missões', 'RS'),
    (4207, 'Salvador do Sul', 'RS'),
    (4208, 'Sananduva', 'RS'),
    (4209, 'Santa Bárbara do Sul', 'RS'),
    (4210, 'Santa Cecília do Sul', 'RS'),
    (4211, 'Santa Clara do Sul', 'RS'),
    (4212, 'Santa Cruz do Sul', 'RS'),
    (4213, 'Santa Margarida do Sul', 'RS'),
    (4214, 'Santa Maria', 'RS'),
    (4215, 'Santa Maria do Herval', 'RS'),
    (4216, 'Santa Rosa', 'RS'),
    (4217, 'Santa Tereza', 'RS'),
    (4218, 'Santa Vitória do Palmar', 'RS'),
    (4219, 'Santana da Boa Vista', 'RS'),
    (4220, 'Santana do Livramento', 'RS'),
    (4221, 'Santiago', 'RS'),
    (4222, 'Santo Ângelo', 'RS'),
    (4223, 'Santo Antônio da Patrulha', 'RS'),
    (4224, 'Santo Antônio das Missões', 'RS'),
    (4225, 'Santo Antônio do Palma', 'RS'),
    (4226, 'Santo Antônio do Planalto', 'RS'),
    (4227, 'Santo Augusto', 'RS'),
    (4228, 'Santo Cristo', 'RS'),
    (4229, 'Santo Expedito do Sul', 'RS'),
    (4230, 'São Borja', 'RS'),
    (4231, 'São Domingos do Sul', 'RS'),
    (4232, 'São Francisco de Assis', 'RS'),
    (4233, 'São Francisco de Paula', 'RS'),
    (4234, 'São Gabriel', 'RS'),
    (4235, 'São Jerônimo', 'RS'),
    (4236, 'São João da Urtiga', 'RS'),
    (4237, 'São João do Polêsine', 'RS'),
    (4238, 'São Jorge', 'RS'),
    (4239, 'São José das Missões', 'RS'),
    (4240, 'São José do Herval', 'RS'),
    (4241, 'São José do Hortêncio', 'RS'),
    (4242, 'São José do Inhacorá', 'RS'),
    (4243, 'São José do Norte', 'RS'),
    (4244, 'São José do Ouro', 'RS'),
    (4245, 'São José do Sul', 'RS'),
    (4246, 'São José dos Ausentes', 'RS'),
    (4247, 'São Leopoldo', 'RS'),
    (4248, 'São Lourenço do Sul', 'RS'),
    (4249, 'São Luiz Gonzaga', 'RS'),
    (4250, 'São Marcos', 'RS'),
    (4251, 'São Martinho', 'RS'),
    (4252, 'São Martinho da Serra', 'RS'),
    (4253, 'São Miguel das Missões', 'RS'),
    (4254, 'São Nicolau', 'RS'),
    (4255, 'São Paulo das Missões', 'RS'),
    (4256, 'São Pedro da Serra', 'RS'),
    (4257, 'São Pedro das Missões', 'RS'),
    (4258, 'São Pedro do Butiá', 'RS'),
    (4259, 'São Pedro do Sul', 'RS'),
    (4260, 'São Sebastião do Caí', 'RS'),
    (4261, 'São Sepé', 'RS'),
    (4262, 'São Valentim', 'RS'),
    (4263, 'São Valentim do Sul', 'RS'),
    (4264, 'São Valério do Sul', 'RS'),
    (4265, 'São Vendelino', 'RS'),
    (4266, 'São Vicente do Sul', 'RS'),
    (4267, 'Sapiranga', 'RS'),
    (4268, 'Sapucaia do Sul', 'RS'),
    (4269, 'Sarandi', 'RS'),
    (4270, 'Seberi', 'RS'),
    (4271, 'Sede Nova', 'RS'),
    (4272, 'Segredo', 'RS'),
    (4273, 'Selbach', 'RS'),
    (4274, 'Senador Salgado Filho', 'RS'),
    (4275, 'Sentinela do Sul', 'RS'),
    (4276, 'Serafina Corrêa', 'RS'),
    (4277, 'Sério', 'RS'),
    (4278, 'Sertão', 'RS'),
    (4279, 'Sertão Santana', 'RS'),
    (4280, 'Sete de Setembro', 'RS'),
    (4281, 'Severiano de Almeida', 'RS'),
    (4282, 'Silveira Martins', 'RS'),
    (4283, 'Sinimbu', 'RS'),
    (4284, 'Sobradinho', 'RS'),
    (4285, 'Soledade', 'RS'),
    (4286, 'Tabaí', 'RS'),
    (4287, 'Tapejara', 'RS'),
    (4288, 'Tapera', 'RS'),
    (4289, 'Tapes', 'RS'),
    (4290, 'Taquara', 'RS'),
    (4291, 'Taquari', 'RS'),
    (4292, 'Taquaruçu do Sul', 'RS'),
    (4293, 'Tavares', 'RS'),
    (4294, 'Tenente Portela', 'RS'),
    (4295, 'Terra de Areia', 'RS'),
    (4296, 'Teutônia', 'RS'),
    (4297, 'Tio Hugo', 'RS'),
    (4298, 'Tiradentes do Sul', 'RS'),
    (4299, 'Toropi', 'RS'),
    (4300, 'Torres', 'RS'),
    (4301, 'Tramandaí', 'RS'),
    (4302, 'Travesseiro', 'RS'),
    (4303, 'Três Arroios', 'RS'),
    (4304, 'Três Cachoeiras', 'RS'),
    (4305, 'Três Coroas', 'RS'),
    (4306, 'Três de Maio', 'RS'),
    (4307, 'Três Forquilhas', 'RS'),
    (4308, 'Três Palmeiras', 'RS'),
    (4309, 'Três Passos', 'RS'),
    (4310, 'Trindade do Sul', 'RS'),
    (4311, 'Triunfo', 'RS'),
    (4312, 'Tucunduva', 'RS'),
    (4313, 'Tunas', 'RS'),
    (4314, 'Tupanci do Sul', 'RS'),
    (4315, 'Tupanciretã', 'RS'),
    (4316, 'Tupandi', 'RS'),
    (4317, 'Tuparendi', 'RS'),
    (4318, 'Turuçu', 'RS'),
    (4319, 'Ubiretama', 'RS'),
    (4320, 'União da Serra', 'RS'),
    (4321, 'Unistalda', 'RS'),
    (4322, 'Uruguaiana', 'RS'),
    (4323, 'Vacaria', 'RS'),
    (4324, 'Vale do Sol', 'RS'),
    (4325, 'Vale Real', 'RS'),
    (4326, 'Vale Verde', 'RS'),
    (4327, 'Vanini', 'RS'),
    (4328, 'Venâncio Aires', 'RS'),
    (4329, 'Vera Cruz', 'RS'),
    (4330, 'Veranópolis', 'RS'),
    (4331, 'Vespasiano Correa', 'RS'),
    (4332, 'Viadutos', 'RS'),
    (4333, 'Viamão', 'RS'),
    (4334, 'Vicente Dutra', 'RS'),
    (4335, 'Victor Graeff', 'RS'),
    (4336, 'Vila Flores', 'RS'),
    (4337, 'Vila Lângaro', 'RS'),
    (4338, 'Vila Maria', 'RS'),
    (4339, 'Vila Nova do Sul', 'RS'),
    (4340, 'Vista Alegre', 'RS'),
    (4341, 'Vista Alegre do Prata', 'RS'),
    (4342, 'Vista Gaúcha', 'RS'),
    (4343, 'Vitória das Missões', 'RS'),
    (4344, 'Westfália', 'RS'),
    (4345, 'Xangri-lá', 'RS'),
    (4346, 'Alta Floresta d`Oeste', 'RO'),
    (4347, 'Alto Alegre dos Parecis', 'RO'),
    (4348, 'Alto Paraíso', 'RO'),
    (4349, 'Alvorada d`Oeste', 'RO'),
    (4350, 'Ariquemes', 'RO'),
    (4351, 'Buritis', 'RO'),
    (4352, 'Cabixi', 'RO'),
    (4353, 'Cacaulândia', 'RO'),
    (4354, 'Cacoal', 'RO'),
    (4355, 'Campo Novo de Rondônia', 'RO'),
    (4356, 'Candeias do Jamari', 'RO'),
    (4357, 'Castanheiras', 'RO'),
    (4358, 'Cerejeiras', 'RO'),
    (4359, 'Chupinguaia', 'RO'),
    (4360, 'Colorado do Oeste', 'RO'),
    (4361, 'Corumbiara', 'RO'),
    (4362, 'Costa Marques', 'RO'),
    (4363, 'Cujubim', 'RO'),
    (4364, 'Espigão d`Oeste', 'RO'),
    (4365, 'Governador Jorge Teixeira', 'RO'),
    (4366, 'Guajará-Mirim', 'RO'),
    (4367, 'Itapuã do Oeste', 'RO'),
    (4368, 'Jaru', 'RO'),
    (4369, 'Ji-Paraná', 'RO'),
    (4370, 'Machadinho d`Oeste', 'RO'),
    (4371, 'Ministro Andreazza', 'RO'),
    (4372, 'Mirante da Serra', 'RO'),
    (4373, 'Monte Negro', 'RO'),
    (4374, 'Nova Brasilândia d`Oeste', 'RO'),
    (4375, 'Nova Mamoré', 'RO'),
    (4376, 'Nova União', 'RO'),
    (4377, 'Novo Horizonte do Oeste', 'RO'),
    (4378, 'Ouro Preto do Oeste', 'RO'),
    (4379, 'Parecis', 'RO'),
    (4380, 'Pimenta Bueno', 'RO'),
    (4381, 'Pimenteiras do Oeste', 'RO'),
    (4382, 'Porto Velho', 'RO'),
    (4383, 'Presidente Médici', 'RO'),
    (4384, 'Primavera de Rondônia', 'RO'),
    (4385, 'Rio Crespo', 'RO'),
    (4386, 'Rolim de Moura', 'RO'),
    (4387, 'Santa Luzia d`Oeste', 'RO'),
    (4388, 'São Felipe d`Oeste', 'RO'),
    (4389, 'São Francisco do Guaporé', 'RO'),
    (4390, 'São Miguel do Guaporé', 'RO'),
    (4391, 'Seringueiras', 'RO'),
    (4392, 'Teixeirópolis', 'RO'),
    (4393, 'Theobroma', 'RO'),
    (4394, 'Urupá', 'RO'),
    (4395, 'Vale do Anari', 'RO'),
    (4396, 'Vale do Paraíso', 'RO'),
    (4397, 'Vilhena', 'RO'),
    (4398, 'Alto Alegre', 'RR'),
    (4399, 'Amajari', 'RR'),
    (4400, 'Boa Vista', 'RR'),
    (4401, 'Bonfim', 'RR'),
    (4402, 'Cantá', 'RR'),
    (4403, 'Caracaraí', 'RR'),
    (4404, 'Caroebe', 'RR'),
    (4405, 'Iracema', 'RR'),
    (4406, 'Mucajaí', 'RR'),
    (4407, 'Normandia', 'RR'),
    (4408, 'Pacaraima', 'RR'),
    (4409, 'Rorainópolis', 'RR'),
    (4410, 'São João da Baliza', 'RR'),
    (4411, 'São Luiz', 'RR'),
    (4412, 'Uiramutã', 'RR'),
    (4413, 'Abdon Batista', 'SC'),
    (4414, 'Abelardo Luz', 'SC'),
    (4415, 'Agrolândia', 'SC'),
    (4416, 'Agronômica', 'SC'),
    (4417, 'Água Doce', 'SC'),
    (4418, 'Águas de Chapecó', 'SC'),
    (4419, 'Águas Frias', 'SC'),
    (4420, 'Águas Mornas', 'SC'),
    (4421, 'Alfredo Wagner', 'SC'),
    (4422, 'Alto Bela Vista', 'SC'),
    (4423, 'Anchieta', 'SC'),
    (4424, 'Angelina', 'SC'),
    (4425, 'Anita Garibaldi', 'SC'),
    (4426, 'Anitápolis', 'SC'),
    (4427, 'Antônio Carlos', 'SC'),
    (4428, 'Apiúna', 'SC'),
    (4429, 'Arabutã', 'SC'),
    (4430, 'Araquari', 'SC'),
    (4431, 'Araranguá', 'SC'),
    (4432, 'Armazém', 'SC'),
    (4433, 'Arroio Trinta', 'SC'),
    (4434, 'Arvoredo', 'SC'),
    (4435, 'Ascurra', 'SC'),
    (4436, 'Atalanta', 'SC'),
    (4437, 'Aurora', 'SC'),
    (4438, 'Balneário Arroio do Silva', 'SC'),
    (4439, 'Balneário Barra do Sul', 'SC'),
    (4440, 'Balneário Camboriú', 'SC'),
    (4441, 'Balneário Gaivota', 'SC'),
    (4442, 'Bandeirante', 'SC'),
    (4443, 'Barra Bonita', 'SC'),
    (4444, 'Barra Velha', 'SC'),
    (4445, 'Bela Vista do Toldo', 'SC'),
    (4446, 'Belmonte', 'SC'),
    (4447, 'Benedito Novo', 'SC'),
    (4448, 'Biguaçu', 'SC'),
    (4449, 'Blumenau', 'SC'),
    (4450, 'Bocaina do Sul', 'SC'),
    (4451, 'Bom Jardim da Serra', 'SC'),
    (4452, 'Bom Jesus', 'SC'),
    (4453, 'Bom Jesus do Oeste', 'SC'),
    (4454, 'Bom Retiro', 'SC'),
    (4455, 'Bombinhas', 'SC'),
    (4456, 'Botuverá', 'SC'),
    (4457, 'Braço do Norte', 'SC'),
    (4458, 'Braço do Trombudo', 'SC'),
    (4459, 'Brunópolis', 'SC'),
    (4460, 'Brusque', 'SC'),
    (4461, 'Caçador', 'SC'),
    (4462, 'Caibi', 'SC'),
    (4463, 'Calmon', 'SC'),
    (4464, 'Camboriú', 'SC'),
    (4465, 'Campo Alegre', 'SC'),
    (4466, 'Campo Belo do Sul', 'SC'),
    (4467, 'Campo Erê', 'SC'),
    (4468, 'Campos Novos', 'SC'),
    (4469, 'Canelinha', 'SC'),
    (4470, 'Canoinhas', 'SC'),
    (4471, 'Capão Alto', 'SC'),
    (4472, 'Capinzal', 'SC'),
    (4473, 'Capivari de Baixo', 'SC'),
    (4474, 'Catanduvas', 'SC'),
    (4475, 'Caxambu do Sul', 'SC'),
    (4476, 'Celso Ramos', 'SC'),
    (4477, 'Cerro Negro', 'SC'),
    (4478, 'Chapadão do Lageado', 'SC'),
    (4479, 'Chapecó', 'SC'),
    (4480, 'Cocal do Sul', 'SC'),
    (4481, 'Concórdia', 'SC'),
    (4482, 'Cordilheira Alta', 'SC'),
    (4483, 'Coronel Freitas', 'SC'),
    (4484, 'Coronel Martins', 'SC'),
    (4485, 'Correia Pinto', 'SC'),
    (4486, 'Corupá', 'SC'),
    (4487, 'Criciúma', 'SC'),
    (4488, 'Cunha Porã', 'SC'),
    (4489, 'Cunhataí', 'SC'),
    (4490, 'Curitibanos', 'SC'),
    (4491, 'Descanso', 'SC'),
    (4492, 'Dionísio Cerqueira', 'SC'),
    (4493, 'Dona Emma', 'SC'),
    (4494, 'Doutor Pedrinho', 'SC'),
    (4495, 'Entre Rios', 'SC'),
    (4496, 'Ermo', 'SC'),
    (4497, 'Erval Velho', 'SC'),
    (4498, 'Faxinal dos Guedes', 'SC'),
    (4499, 'Flor do Sertão', 'SC'),
    (4500, 'Florianópolis', 'SC'),
    (4501, 'Formosa do Sul', 'SC'),
    (4502, 'Forquilhinha', 'SC'),
    (4503, 'Fraiburgo', 'SC'),
    (4504, 'Frei Rogério', 'SC'),
    (4505, 'Galvão', 'SC'),
    (4506, 'Garopaba', 'SC'),
    (4507, 'Garuva', 'SC'),
    (4508, 'Gaspar', 'SC'),
    (4509, 'Governador Celso Ramos', 'SC'),
    (4510, 'Grão Pará', 'SC'),
    (4511, 'Gravatal', 'SC'),
    (4512, 'Guabiruba', 'SC'),
    (4513, 'Guaraciaba', 'SC'),
    (4514, 'Guaramirim', 'SC'),
    (4515, 'Guarujá do Sul', 'SC'),
    (4516, 'Guatambú', 'SC'),
    (4517, 'Herval d`Oeste', 'SC'),
    (4518, 'Ibiam', 'SC'),
    (4519, 'Ibicaré', 'SC'),
    (4520, 'Ibirama', 'SC'),
    (4521, 'Içara', 'SC'),
    (4522, 'Ilhota', 'SC'),
    (4523, 'Imaruí', 'SC'),
    (4524, 'Imbituba', 'SC'),
    (4525, 'Imbuia', 'SC'),
    (4526, 'Indaial', 'SC'),
    (4527, 'Iomerê', 'SC'),
    (4528, 'Ipira', 'SC'),
    (4529, 'Iporã do Oeste', 'SC'),
    (4530, 'Ipuaçu', 'SC'),
    (4531, 'Ipumirim', 'SC'),
    (4532, 'Iraceminha', 'SC'),
    (4533, 'Irani', 'SC'),
    (4534, 'Irati', 'SC'),
    (4535, 'Irineópolis', 'SC'),
    (4536, 'Itá', 'SC'),
    (4537, 'Itaiópolis', 'SC'),
    (4538, 'Itajaí', 'SC'),
    (4539, 'Itapema', 'SC'),
    (4540, 'Itapiranga', 'SC'),
    (4541, 'Itapoá', 'SC'),
    (4542, 'Ituporanga', 'SC'),
    (4543, 'Jaborá', 'SC'),
    (4544, 'Jacinto Machado', 'SC'),
    (4545, 'Jaguaruna', 'SC'),
    (4546, 'Jaraguá do Sul', 'SC'),
    (4547, 'Jardinópolis', 'SC'),
    (4548, 'Joaçaba', 'SC'),
    (4549, 'Joinville', 'SC'),
    (4550, 'José Boiteux', 'SC'),
    (4551, 'Jupiá', 'SC'),
    (4552, 'Lacerdópolis', 'SC'),
    (4553, 'Lages', 'SC'),
    (4554, 'Laguna', 'SC'),
    (4555, 'Lajeado Grande', 'SC'),
    (4556, 'Laurentino', 'SC'),
    (4557, 'Lauro Muller', 'SC'),
    (4558, 'Lebon Régis', 'SC'),
    (4559, 'Leoberto Leal', 'SC'),
    (4560, 'Lindóia do Sul', 'SC'),
    (4561, 'Lontras', 'SC'),
    (4562, 'Luiz Alves', 'SC'),
    (4563, 'Luzerna', 'SC'),
    (4564, 'Macieira', 'SC'),
    (4565, 'Mafra', 'SC'),
    (4566, 'Major Gercino', 'SC'),
    (4567, 'Major Vieira', 'SC'),
    (4568, 'Maracajá', 'SC'),
    (4569, 'Maravilha', 'SC'),
    (4570, 'Marema', 'SC'),
    (4571, 'Massaranduba', 'SC'),
    (4572, 'Matos Costa', 'SC'),
    (4573, 'Meleiro', 'SC'),
    (4574, 'Mirim Doce', 'SC'),
    (4575, 'Modelo', 'SC'),
    (4576, 'Mondaí', 'SC'),
    (4577, 'Monte Carlo', 'SC'),
    (4578, 'Monte Castelo', 'SC'),
    (4579, 'Morro da Fumaça', 'SC'),
    (4580, 'Morro Grande', 'SC'),
    (4581, 'Navegantes', 'SC'),
    (4582, 'Nova Erechim', 'SC'),
    (4583, 'Nova Itaberaba', 'SC'),
    (4584, 'Nova Trento', 'SC'),
    (4585, 'Nova Veneza', 'SC'),
    (4586, 'Novo Horizonte', 'SC'),
    (4587, 'Orleans', 'SC'),
    (4588, 'Otacílio Costa', 'SC'),
    (4589, 'Ouro', 'SC'),
    (4590, 'Ouro Verde', 'SC'),
    (4591, 'Paial', 'SC'),
    (4592, 'Painel', 'SC'),
    (4593, 'Palhoça', 'SC'),
    (4594, 'Palma Sola', 'SC'),
    (4595, 'Palmeira', 'SC'),
    (4596, 'Palmitos', 'SC'),
    (4597, 'Papanduva', 'SC'),
    (4598, 'Paraíso', 'SC'),
    (4599, 'Passo de Torres', 'SC'),
    (4600, 'Passos Maia', 'SC'),
    (4601, 'Paulo Lopes', 'SC'),
    (4602, 'Pedras Grandes', 'SC'),
    (4603, 'Penha', 'SC'),
    (4604, 'Peritiba', 'SC'),
    (4605, 'Petrolândia', 'SC'),
    (4606, 'Piçarras', 'SC'),
    (4607, 'Pinhalzinho', 'SC'),
    (4608, 'Pinheiro Preto', 'SC'),
    (4609, 'Piratuba', 'SC'),
    (4610, 'Planalto Alegre', 'SC'),
    (4611, 'Pomerode', 'SC'),
    (4612, 'Ponte Alta', 'SC'),
    (4613, 'Ponte Alta do Norte', 'SC'),
    (4614, 'Ponte Serrada', 'SC'),
    (4615, 'Porto Belo', 'SC'),
    (4616, 'Porto União', 'SC'),
    (4617, 'Pouso Redondo', 'SC'),
    (4618, 'Praia Grande', 'SC'),
    (4619, 'Presidente Castelo Branco', 'SC'),
    (4620, 'Presidente Getúlio', 'SC'),
    (4621, 'Presidente Nereu', 'SC'),
    (4622, 'Princesa', 'SC'),
    (4623, 'Quilombo', 'SC'),
    (4624, 'Rancho Queimado', 'SC'),
    (4625, 'Rio das Antas', 'SC'),
    (4626, 'Rio do Campo', 'SC'),
    (4627, 'Rio do Oeste', 'SC'),
    (4628, 'Rio do Sul', 'SC'),
    (4629, 'Rio dos Cedros', 'SC'),
    (4630, 'Rio Fortuna', 'SC'),
    (4631, 'Rio Negrinho', 'SC'),
    (4632, 'Rio Rufino', 'SC'),
    (4633, 'Riqueza', 'SC'),
    (4634, 'Rodeio', 'SC'),
    (4635, 'Romelândia', 'SC'),
    (4636, 'Salete', 'SC'),
    (4637, 'Saltinho', 'SC'),
    (4638, 'Salto Veloso', 'SC'),
    (4639, 'Sangão', 'SC'),
    (4640, 'Santa Cecília', 'SC'),
    (4641, 'Santa Helena', 'SC'),
    (4642, 'Santa Rosa de Lima', 'SC'),
    (4643, 'Santa Rosa do Sul', 'SC'),
    (4644, 'Santa Terezinha', 'SC'),
    (4645, 'Santa Terezinha do Progresso', 'SC'),
    (4646, 'Santiago do Sul', 'SC'),
    (4647, 'Santo Amaro da Imperatriz', 'SC'),
    (4648, 'São Bento do Sul', 'SC'),
    (4649, 'São Bernardino', 'SC'),
    (4650, 'São Bonifácio', 'SC'),
    (4651, 'São Carlos', 'SC'),
    (4652, 'São Cristovão do Sul', 'SC'),
    (4653, 'São Domingos', 'SC'),
    (4654, 'São Francisco do Sul', 'SC'),
    (4655, 'São João Batista', 'SC'),
    (4656, 'São João do Itaperiú', 'SC'),
    (4657, 'São João do Oeste', 'SC'),
    (4658, 'São João do Sul', 'SC'),
    (4659, 'São Joaquim', 'SC'),
    (4660, 'São José', 'SC'),
    (4661, 'São José do Cedro', 'SC'),
    (4662, 'São José do Cerrito', 'SC'),
    (4663, 'São Lourenço do Oeste', 'SC'),
    (4664, 'São Ludgero', 'SC'),
    (4665, 'São Martinho', 'SC'),
    (4666, 'São Miguel da Boa Vista', 'SC'),
    (4667, 'São Miguel do Oeste', 'SC'),
    (4668, 'São Pedro de Alcântara', 'SC'),
    (4669, 'Saudades', 'SC'),
    (4670, 'Schroeder', 'SC'),
    (4671, 'Seara', 'SC'),
    (4672, 'Serra Alta', 'SC'),
    (4673, 'Siderópolis', 'SC'),
    (4674, 'Sombrio', 'SC'),
    (4675, 'Sul Brasil', 'SC'),
    (4676, 'Taió', 'SC'),
    (4677, 'Tangará', 'SC'),
    (4678, 'Tigrinhos', 'SC'),
    (4679, 'Tijucas', 'SC'),
    (4680, 'Timbé do Sul', 'SC'),
    (4681, 'Timbó', 'SC'),
    (4682, 'Timbó Grande', 'SC'),
    (4683, 'Três Barras', 'SC'),
    (4684, 'Treviso', 'SC'),
    (4685, 'Treze de Maio', 'SC'),
    (4686, 'Treze Tílias', 'SC'),
    (4687, 'Trombudo Central', 'SC'),
    (4688, 'Tubarão', 'SC'),
    (4689, 'Tunápolis', 'SC'),
    (4690, 'Turvo', 'SC'),
    (4691, 'União do Oeste', 'SC'),
    (4692, 'Urubici', 'SC'),
    (4693, 'Urupema', 'SC'),
    (4694, 'Urussanga', 'SC'),
    (4695, 'Vargeão', 'SC'),
    (4696, 'Vargem', 'SC'),
    (4697, 'Vargem Bonita', 'SC'),
    (4698, 'Vidal Ramos', 'SC'),
    (4699, 'Videira', 'SC'),
    (4700, 'Vitor Meireles', 'SC'),
    (4701, 'Witmarsum', 'SC'),
    (4702, 'Xanxerê', 'SC'),
    (4703, 'Xavantina', 'SC'),
    (4704, 'Xaxim', 'SC'),
    (4705, 'Zortéa', 'SC'),
    (4706, 'Adamantina', 'SP'),
    (4707, 'Adolfo', 'SP'),
    (4708, 'Aguaí', 'SP'),
    (4709, 'Águas da Prata', 'SP'),
    (4710, 'Águas de Lindóia', 'SP'),
    (4711, 'Águas de Santa Bárbara', 'SP'),
    (4712, 'Águas de São Pedro', 'SP'),
    (4713, 'Agudos', 'SP'),
    (4714, 'Alambari', 'SP'),
    (4715, 'Alfredo Marcondes', 'SP'),
    (4716, 'Altair', 'SP'),
    (4717, 'Altinópolis', 'SP'),
    (4718, 'Alto Alegre', 'SP'),
    (4719, 'Alumínio', 'SP'),
    (4720, 'Álvares Florence', 'SP'),
    (4721, 'Álvares Machado', 'SP'),
    (4722, 'Álvaro de Carvalho', 'SP'),
    (4723, 'Alvinlândia', 'SP'),
    (4724, 'Americana', 'SP'),
    (4725, 'Américo Brasiliense', 'SP'),
    (4726, 'Américo de Campos', 'SP'),
    (4727, 'Amparo', 'SP'),
    (4728, 'Analândia', 'SP'),
    (4729, 'Andradina', 'SP'),
    (4730, 'Angatuba', 'SP'),
    (4731, 'Anhembi', 'SP'),
    (4732, 'Anhumas', 'SP'),
    (4733, 'Aparecida', 'SP'),
    (4734, 'Aparecida d`Oeste', 'SP'),
    (4735, 'Apiaí', 'SP'),
    (4736, 'Araçariguama', 'SP'),
    (4737, 'Araçatuba', 'SP'),
    (4738, 'Araçoiaba da Serra', 'SP'),
    (4739, 'Aramina', 'SP'),
    (4740, 'Arandu', 'SP'),
    (4741, 'Arapeí', 'SP'),
    (4742, 'Araraquara', 'SP'),
    (4743, 'Araras', 'SP'),
    (4744, 'Arco-Íris', 'SP'),
    (4745, 'Arealva', 'SP'),
    (4746, 'Areias', 'SP'),
    (4747, 'Areiópolis', 'SP'),
    (4748, 'Ariranha', 'SP'),
    (4749, 'Artur Nogueira', 'SP'),
    (4750, 'Arujá', 'SP'),
    (4751, 'Aspásia', 'SP'),
    (4752, 'Assis', 'SP'),
    (4753, 'Atibaia', 'SP'),
    (4754, 'Auriflama', 'SP'),
    (4755, 'Avaí', 'SP'),
    (4756, 'Avanhandava', 'SP'),
    (4757, 'Avaré', 'SP'),
    (4758, 'Bady Bassitt', 'SP'),
    (4759, 'Balbinos', 'SP'),
    (4760, 'Bálsamo', 'SP'),
    (4761, 'Bananal', 'SP'),
    (4762, 'Barão de Antonina', 'SP'),
    (4763, 'Barbosa', 'SP'),
    (4764, 'Bariri', 'SP'),
    (4765, 'Barra Bonita', 'SP'),
    (4766, 'Barra do Chapéu', 'SP'),
    (4767, 'Barra do Turvo', 'SP'),
    (4768, 'Barretos', 'SP'),
    (4769, 'Barrinha', 'SP'),
    (4770, 'Barueri', 'SP'),
    (4771, 'Bastos', 'SP'),
    (4772, 'Batatais', 'SP'),
    (4773, 'Bauru', 'SP'),
    (4774, 'Bebedouro', 'SP'),
    (4775, 'Bento de Abreu', 'SP'),
    (4776, 'Bernardino de Campos', 'SP'),
    (4777, 'Bertioga', 'SP'),
    (4778, 'Bilac', 'SP'),
    (4779, 'Birigui', 'SP'),
    (4780, 'Biritiba-Mirim', 'SP'),
    (4781, 'Boa Esperança do Sul', 'SP'),
    (4782, 'Bocaina', 'SP'),
    (4783, 'Bofete', 'SP'),
    (4784, 'Boituva', 'SP'),
    (4785, 'Bom Jesus dos Perdões', 'SP'),
    (4786, 'Bom Sucesso de Itararé', 'SP'),
    (4787, 'Borá', 'SP'),
    (4788, 'Boracéia', 'SP'),
    (4789, 'Borborema', 'SP'),
    (4790, 'Borebi', 'SP'),
    (4791, 'Botucatu', 'SP'),
    (4792, 'Bragança Paulista', 'SP'),
    (4793, 'Braúna', 'SP'),
    (4794, 'Brejo Alegre', 'SP'),
    (4795, 'Brodowski', 'SP'),
    (4796, 'Brotas', 'SP'),
    (4797, 'Buri', 'SP'),
    (4798, 'Buritama', 'SP'),
    (4799, 'Buritizal', 'SP'),
    (4800, 'Cabrália Paulista', 'SP'),
    (4801, 'Cabreúva', 'SP'),
    (4802, 'Caçapava', 'SP'),
    (4803, 'Cachoeira Paulista', 'SP'),
    (4804, 'Caconde', 'SP'),
    (4805, 'Cafelândia', 'SP'),
    (4806, 'Caiabu', 'SP'),
    (4807, 'Caieiras', 'SP'),
    (4808, 'Caiuá', 'SP'),
    (4809, 'Cajamar', 'SP'),
    (4810, 'Cajati', 'SP'),
    (4811, 'Cajobi', 'SP'),
    (4812, 'Cajuru', 'SP'),
    (4813, 'Campina do Monte Alegre', 'SP'),
    (4814, 'Campinas', 'SP'),
    (4815, 'Campo Limpo Paulista', 'SP'),
    (4816, 'Campos do Jordão', 'SP'),
    (4817, 'Campos Novos Paulista', 'SP'),
    (4818, 'Cananéia', 'SP'),
    (4819, 'Canas', 'SP'),
    (4820, 'Cândido Mota', 'SP'),
    (4821, 'Cândido Rodrigues', 'SP'),
    (4822, 'Canitar', 'SP'),
    (4823, 'Capão Bonito', 'SP'),
    (4824, 'Capela do Alto', 'SP'),
    (4825, 'Capivari', 'SP'),
    (4826, 'Caraguatatuba', 'SP'),
    (4827, 'Carapicuíba', 'SP'),
    (4828, 'Cardoso', 'SP'),
    (4829, 'Casa Branca', 'SP'),
    (4830, 'Cássia dos Coqueiros', 'SP'),
    (4831, 'Castilho', 'SP'),
    (4832, 'Catanduva', 'SP'),
    (4833, 'Catiguá', 'SP'),
    (4834, 'Cedral', 'SP'),
    (4835, 'Cerqueira César', 'SP'),
    (4836, 'Cerquilho', 'SP'),
    (4837, 'Cesário Lange', 'SP'),
    (4838, 'Charqueada', 'SP'),
    (4839, 'Chavantes', 'SP'),
    (4840, 'Clementina', 'SP'),
    (4841, 'Colina', 'SP'),
    (4842, 'Colômbia', 'SP'),
    (4843, 'Conchal', 'SP'),
    (4844, 'Conchas', 'SP'),
    (4845, 'Cordeirópolis', 'SP'),
    (4846, 'Coroados', 'SP'),
    (4847, 'Coronel Macedo', 'SP'),
    (4848, 'Corumbataí', 'SP'),
    (4849, 'Cosmópolis', 'SP'),
    (4850, 'Cosmorama', 'SP'),
    (4851, 'Cotia', 'SP'),
    (4852, 'Cravinhos', 'SP'),
    (4853, 'Cristais Paulista', 'SP'),
    (4854, 'Cruzália', 'SP'),
    (4855, 'Cruzeiro', 'SP'),
    (4856, 'Cubatão', 'SP'),
    (4857, 'Cunha', 'SP'),
    (4858, 'Descalvado', 'SP'),
    (4859, 'Diadema', 'SP'),
    (4860, 'Dirce Reis', 'SP'),
    (4861, 'Divinolândia', 'SP'),
    (4862, 'Dobrada', 'SP'),
    (4863, 'Dois Córregos', 'SP'),
    (4864, 'Dolcinópolis', 'SP'),
    (4865, 'Dourado', 'SP'),
    (4866, 'Dracena', 'SP'),
    (4867, 'Duartina', 'SP'),
    (4868, 'Dumont', 'SP'),
    (4869, 'Echaporã', 'SP'),
    (4870, 'Eldorado', 'SP'),
    (4871, 'Elias Fausto', 'SP'),
    (4872, 'Elisiário', 'SP'),
    (4873, 'Embaúba', 'SP'),
    (4874, 'Embu', 'SP'),
    (4875, 'Embu-Guaçu', 'SP'),
    (4876, 'Emilianópolis', 'SP'),
    (4877, 'Engenheiro Coelho', 'SP'),
    (4878, 'Espírito Santo do Pinhal', 'SP'),
    (4879, 'Espírito Santo do Turvo', 'SP'),
    (4880, 'Estiva Gerbi', 'SP'),
    (4881, 'Estrela d`Oeste', 'SP'),
    (4882, 'Estrela do Norte', 'SP'),
    (4883, 'Euclides da Cunha Paulista', 'SP'),
    (4884, 'Fartura', 'SP'),
    (4885, 'Fernando Prestes', 'SP'),
    (4886, 'Fernandópolis', 'SP'),
    (4887, 'Fernão', 'SP'),
    (4888, 'Ferraz de Vasconcelos', 'SP'),
    (4889, 'Flora Rica', 'SP'),
    (4890, 'Floreal', 'SP'),
    (4891, 'Flórida Paulista', 'SP'),
    (4892, 'Florínia', 'SP'),
    (4893, 'Franca', 'SP'),
    (4894, 'Francisco Morato', 'SP'),
    (4895, 'Franco da Rocha', 'SP'),
    (4896, 'Gabriel Monteiro', 'SP'),
    (4897, 'Gália', 'SP'),
    (4898, 'Garça', 'SP'),
    (4899, 'Gastão Vidigal', 'SP'),
    (4900, 'Gavião Peixoto', 'SP'),
    (4901, 'General Salgado', 'SP'),
    (4902, 'Getulina', 'SP'),
    (4903, 'Glicério', 'SP'),
    (4904, 'Guaiçara', 'SP'),
    (4905, 'Guaimbê', 'SP'),
    (4906, 'Guaíra', 'SP'),
    (4907, 'Guapiaçu', 'SP'),
    (4908, 'Guapiara', 'SP'),
    (4909, 'Guará', 'SP'),
    (4910, 'Guaraçaí', 'SP'),
    (4911, 'Guaraci', 'SP'),
    (4912, 'Guarani d`Oeste', 'SP'),
    (4913, 'Guarantã', 'SP'),
    (4914, 'Guararapes', 'SP'),
    (4915, 'Guararema', 'SP'),
    (4916, 'Guaratinguetá', 'SP'),
    (4917, 'Guareí', 'SP'),
    (4918, 'Guariba', 'SP'),
    (4919, 'Guarujá', 'SP'),
    (4920, 'Guarulhos', 'SP'),
    (4921, 'Guatapará', 'SP'),
    (4922, 'Guzolândia', 'SP'),
    (4923, 'Herculândia', 'SP'),
    (4924, 'Holambra', 'SP'),
    (4925, 'Hortolândia', 'SP'),
    (4926, 'Iacanga', 'SP'),
    (4927, 'Iacri', 'SP'),
    (4928, 'Iaras', 'SP'),
    (4929, 'Ibaté', 'SP'),
    (4930, 'Ibirá', 'SP'),
    (4931, 'Ibirarema', 'SP'),
    (4932, 'Ibitinga', 'SP'),
    (4933, 'Ibiúna', 'SP'),
    (4934, 'Icém', 'SP'),
    (4935, 'Iepê', 'SP'),
    (4936, 'Igaraçu do Tietê', 'SP'),
    (4937, 'Igarapava', 'SP'),
    (4938, 'Igaratá', 'SP'),
    (4939, 'Iguape', 'SP'),
    (4940, 'Ilha Comprida', 'SP'),
    (4941, 'Ilha Solteira', 'SP'),
    (4942, 'Ilhabela', 'SP'),
    (4943, 'Indaiatuba', 'SP'),
    (4944, 'Indiana', 'SP'),
    (4945, 'Indiaporã', 'SP'),
    (4946, 'Inúbia Paulista', 'SP'),
    (4947, 'Ipaussu', 'SP'),
    (4948, 'Iperó', 'SP'),
    (4949, 'Ipeúna', 'SP'),
    (4950, 'Ipiguá', 'SP'),
    (4951, 'Iporanga', 'SP'),
    (4952, 'Ipuã', 'SP'),
    (4953, 'Iracemápolis', 'SP'),
    (4954, 'Irapuã', 'SP'),
    (4955, 'Irapuru', 'SP'),
    (4956, 'Itaberá', 'SP'),
    (4957, 'Itaí', 'SP'),
    (4958, 'Itajobi', 'SP'),
    (4959, 'Itaju', 'SP'),
    (4960, 'Itanhaém', 'SP'),
    (4961, 'Itaóca', 'SP'),
    (4962, 'Itapecerica da Serra', 'SP'),
    (4963, 'Itapetininga', 'SP'),
    (4964, 'Itapeva', 'SP'),
    (4965, 'Itapevi', 'SP'),
    (4966, 'Itapira', 'SP'),
    (4967, 'Itapirapuã Paulista', 'SP'),
    (4968, 'Itápolis', 'SP'),
    (4969, 'Itaporanga', 'SP'),
    (4970, 'Itapuí', 'SP'),
    (4971, 'Itapura', 'SP'),
    (4972, 'Itaquaquecetuba', 'SP'),
    (4973, 'Itararé', 'SP'),
    (4974, 'Itariri', 'SP'),
    (4975, 'Itatiba', 'SP'),
    (4976, 'Itatinga', 'SP'),
    (4977, 'Itirapina', 'SP'),
    (4978, 'Itirapuã', 'SP'),
    (4979, 'Itobi', 'SP'),
    (4980, 'Itu', 'SP'),
    (4981, 'Itupeva', 'SP'),
    (4982, 'Ituverava', 'SP'),
    (4983, 'Jaborandi', 'SP'),
    (4984, 'Jaboticabal', 'SP'),
    (4985, 'Jacareí', 'SP'),
    (4986, 'Jaci', 'SP'),
    (4987, 'Jacupiranga', 'SP'),
    (4988, 'Jaguariúna', 'SP'),
    (4989, 'Jales', 'SP'),
    (4990, 'Jambeiro', 'SP'),
    (4991, 'Jandira', 'SP'),
    (4992, 'Jardinópolis', 'SP'),
    (4993, 'Jarinu', 'SP'),
    (4994, 'Jaú', 'SP'),
    (4995, 'Jeriquara', 'SP'),
    (4996, 'Joanópolis', 'SP'),
    (4997, 'João Ramalho', 'SP'),
    (4998, 'José Bonifácio', 'SP'),
    (4999, 'Júlio Mesquita', 'SP'),
    (5000, 'Jumirim', 'SP'),
    (5001, 'Jundiaí', 'SP'),
    (5002, 'Junqueirópolis', 'SP'),
    (5003, 'Juquiá', 'SP'),
    (5004, 'Juquitiba', 'SP'),
    (5005, 'Lagoinha', 'SP'),
    (5006, 'Laranjal Paulista', 'SP'),
    (5007, 'Lavínia', 'SP'),
    (5008, 'Lavrinhas', 'SP'),
    (5009, 'Leme', 'SP'),
    (5010, 'Lençóis Paulista', 'SP'),
    (5011, 'Limeira', 'SP'),
    (5012, 'Lindóia', 'SP'),
    (5013, 'Lins', 'SP'),
    (5014, 'Lorena', 'SP'),
    (5015, 'Lourdes', 'SP'),
    (5016, 'Louveira', 'SP'),
    (5017, 'Lucélia', 'SP'),
    (5018, 'Lucianópolis', 'SP'),
    (5019, 'Luís Antônio', 'SP'),
    (5020, 'Luiziânia', 'SP'),
    (5021, 'Lupércio', 'SP'),
    (5022, 'Lutécia', 'SP'),
    (5023, 'Macatuba', 'SP'),
    (5024, 'Macaubal', 'SP'),
    (5025, 'Macedônia', 'SP'),
    (5026, 'Magda', 'SP'),
    (5027, 'Mairinque', 'SP'),
    (5028, 'Mairiporã', 'SP'),
    (5029, 'Manduri', 'SP'),
    (5030, 'Marabá Paulista', 'SP'),
    (5031, 'Maracaí', 'SP'),
    (5032, 'Marapoama', 'SP'),
    (5033, 'Mariápolis', 'SP'),
    (5034, 'Marília', 'SP'),
    (5035, 'Marinópolis', 'SP'),
    (5036, 'Martinópolis', 'SP'),
    (5037, 'Matão', 'SP'),
    (5038, 'Mauá', 'SP'),
    (5039, 'Mendonça', 'SP'),
    (5040, 'Meridiano', 'SP'),
    (5041, 'Mesópolis', 'SP'),
    (5042, 'Miguelópolis', 'SP'),
    (5043, 'Mineiros do Tietê', 'SP'),
    (5044, 'Mira Estrela', 'SP'),
    (5045, 'Miracatu', 'SP'),
    (5046, 'Mirandópolis', 'SP'),
    (5047, 'Mirante do Paranapanema', 'SP'),
    (5048, 'Mirassol', 'SP'),
    (5049, 'Mirassolândia', 'SP'),
    (5050, 'Mococa', 'SP'),
    (5051, 'Mogi das Cruzes', 'SP'),
    (5052, 'Mogi Guaçu', 'SP'),
    (5053, 'Moji Mirim', 'SP'),
    (5054, 'Mombuca', 'SP'),
    (5055, 'Monções', 'SP'),
    (5056, 'Mongaguá', 'SP'),
    (5057, 'Monte Alegre do Sul', 'SP'),
    (5058, 'Monte Alto', 'SP'),
    (5059, 'Monte Aprazível', 'SP'),
    (5060, 'Monte Azul Paulista', 'SP'),
    (5061, 'Monte Castelo', 'SP'),
    (5062, 'Monte Mor', 'SP'),
    (5063, 'Monteiro Lobato', 'SP'),
    (5064, 'Morro Agudo', 'SP'),
    (5065, 'Morungaba', 'SP'),
    (5066, 'Motuca', 'SP'),
    (5067, 'Murutinga do Sul', 'SP'),
    (5068, 'Nantes', 'SP'),
    (5069, 'Narandiba', 'SP'),
    (5070, 'Natividade da Serra', 'SP'),
    (5071, 'Nazaré Paulista', 'SP'),
    (5072, 'Neves Paulista', 'SP'),
    (5073, 'Nhandeara', 'SP'),
    (5074, 'Nipoã', 'SP'),
    (5075, 'Nova Aliança', 'SP'),
    (5076, 'Nova Campina', 'SP'),
    (5077, 'Nova Canaã Paulista', 'SP'),
    (5078, 'Nova Castilho', 'SP'),
    (5079, 'Nova Europa', 'SP'),
    (5080, 'Nova Granada', 'SP'),
    (5081, 'Nova Guataporanga', 'SP'),
    (5082, 'Nova Independência', 'SP'),
    (5083, 'Nova Luzitânia', 'SP'),
    (5084, 'Nova Odessa', 'SP'),
    (5085, 'Novais', 'SP'),
    (5086, 'Novo Horizonte', 'SP'),
    (5087, 'Nuporanga', 'SP'),
    (5088, 'Ocauçu', 'SP'),
    (5089, 'Óleo', 'SP'),
    (5090, 'Olímpia', 'SP'),
    (5091, 'Onda Verde', 'SP'),
    (5092, 'Oriente', 'SP'),
    (5093, 'Orindiúva', 'SP'),
    (5094, 'Orlândia', 'SP'),
    (5095, 'Osasco', 'SP'),
    (5096, 'Oscar Bressane', 'SP'),
    (5097, 'Osvaldo Cruz', 'SP'),
    (5098, 'Ourinhos', 'SP'),
    (5099, 'Ouro Verde', 'SP'),
    (5100, 'Ouroeste', 'SP'),
    (5101, 'Pacaembu', 'SP'),
    (5102, 'Palestina', 'SP'),
    (5103, 'Palmares Paulista', 'SP'),
    (5104, 'Palmeira d`Oeste', 'SP'),
    (5105, 'Palmital', 'SP'),
    (5106, 'Panorama', 'SP'),
    (5107, 'Paraguaçu Paulista', 'SP'),
    (5108, 'Paraibuna', 'SP'),
    (5109, 'Paraíso', 'SP'),
    (5110, 'Paranapanema', 'SP'),
    (5111, 'Paranapuã', 'SP'),
    (5112, 'Parapuã', 'SP'),
    (5113, 'Pardinho', 'SP'),
    (5114, 'Pariquera-Açu', 'SP'),
    (5115, 'Parisi', 'SP'),
    (5116, 'Patrocínio Paulista', 'SP'),
    (5117, 'Paulicéia', 'SP'),
    (5118, 'Paulínia', 'SP'),
    (5119, 'Paulistânia', 'SP'),
    (5120, 'Paulo de Faria', 'SP'),
    (5121, 'Pederneiras', 'SP'),
    (5122, 'Pedra Bela', 'SP'),
    (5123, 'Pedranópolis', 'SP'),
    (5124, 'Pedregulho', 'SP'),
    (5125, 'Pedreira', 'SP'),
    (5126, 'Pedrinhas Paulista', 'SP'),
    (5127, 'Pedro de Toledo', 'SP'),
    (5128, 'Penápolis', 'SP'),
    (5129, 'Pereira Barreto', 'SP'),
    (5130, 'Pereiras', 'SP'),
    (5131, 'Peruíbe', 'SP'),
    (5132, 'Piacatu', 'SP'),
    (5133, 'Piedade', 'SP'),
    (5134, 'Pilar do Sul', 'SP'),
    (5135, 'Pindamonhangaba', 'SP'),
    (5136, 'Pindorama', 'SP'),
    (5137, 'Pinhalzinho', 'SP'),
    (5138, 'Piquerobi', 'SP'),
    (5139, 'Piquete', 'SP'),
    (5140, 'Piracaia', 'SP'),
    (5141, 'Piracicaba', 'SP'),
    (5142, 'Piraju', 'SP'),
    (5143, 'Pirajuí', 'SP'),
    (5144, 'Pirangi', 'SP'),
    (5145, 'Pirapora do Bom Jesus', 'SP'),
    (5146, 'Pirapozinho', 'SP'),
    (5147, 'Pirassununga', 'SP'),
    (5148, 'Piratininga', 'SP'),
    (5149, 'Pitangueiras', 'SP'),
    (5150, 'Planalto', 'SP'),
    (5151, 'Platina', 'SP'),
    (5152, 'Poá', 'SP'),
    (5153, 'Poloni', 'SP'),
    (5154, 'Pompéia', 'SP'),
    (5155, 'Pongaí', 'SP'),
    (5156, 'Pontal', 'SP'),
    (5157, 'Pontalinda', 'SP'),
    (5158, 'Pontes Gestal', 'SP'),
    (5159, 'Populina', 'SP'),
    (5160, 'Porangaba', 'SP'),
    (5161, 'Porto Feliz', 'SP'),
    (5162, 'Porto Ferreira', 'SP'),
    (5163, 'Potim', 'SP'),
    (5164, 'Potirendaba', 'SP'),
    (5165, 'Pracinha', 'SP'),
    (5166, 'Pradópolis', 'SP'),
    (5167, 'Praia Grande', 'SP'),
    (5168, 'Pratânia', 'SP'),
    (5169, 'Presidente Alves', 'SP'),
    (5170, 'Presidente Bernardes', 'SP'),
    (5171, 'Presidente Epitácio', 'SP'),
    (5172, 'Presidente Prudente', 'SP'),
    (5173, 'Presidente Venceslau', 'SP'),
    (5174, 'Promissão', 'SP'),
    (5175, 'Quadra', 'SP'),
    (5176, 'Quatá', 'SP'),
    (5177, 'Queiroz', 'SP'),
    (5178, 'Queluz', 'SP'),
    (5179, 'Quintana', 'SP'),
    (5180, 'Rafard', 'SP'),
    (5181, 'Rancharia', 'SP'),
    (5182, 'Redenção da Serra', 'SP'),
    (5183, 'Regente Feijó', 'SP'),
    (5184, 'Reginópolis', 'SP'),
    (5185, 'Registro', 'SP'),
    (5186, 'Restinga', 'SP'),
    (5187, 'Ribeira', 'SP'),
    (5188, 'Ribeirão Bonito', 'SP'),
    (5189, 'Ribeirão Branco', 'SP'),
    (5190, 'Ribeirão Corrente', 'SP'),
    (5191, 'Ribeirão do Sul', 'SP'),
    (5192, 'Ribeirão dos Índios', 'SP'),
    (5193, 'Ribeirão Grande', 'SP'),
    (5194, 'Ribeirão Pires', 'SP'),
    (5195, 'Ribeirão Preto', 'SP'),
    (5196, 'Rifaina', 'SP'),
    (5197, 'Rincão', 'SP'),
    (5198, 'Rinópolis', 'SP'),
    (5199, 'Rio Claro', 'SP'),
    (5200, 'Rio das Pedras', 'SP'),
    (5201, 'Rio Grande da Serra', 'SP'),
    (5202, 'Riolândia', 'SP'),
    (5203, 'Riversul', 'SP'),
    (5204, 'Rosana', 'SP'),
    (5205, 'Roseira', 'SP'),
    (5206, 'Rubiácea', 'SP'),
    (5207, 'Rubinéia', 'SP'),
    (5208, 'Sabino', 'SP'),
    (5209, 'Sagres', 'SP'),
    (5210, 'Sales', 'SP'),
    (5211, 'Sales Oliveira', 'SP'),
    (5212, 'Salesópolis', 'SP'),
    (5213, 'Salmourão', 'SP'),
    (5214, 'Saltinho', 'SP'),
    (5215, 'Salto', 'SP'),
    (5216, 'Salto de Pirapora', 'SP'),
    (5217, 'Salto Grande', 'SP'),
    (5218, 'Sandovalina', 'SP'),
    (5219, 'Santa Adélia', 'SP'),
    (5220, 'Santa Albertina', 'SP'),
    (5221, 'Santa Bárbara d`Oeste', 'SP'),
    (5222, 'Santa Branca', 'SP'),
    (5223, 'Santa Clara d`Oeste', 'SP'),
    (5224, 'Santa Cruz da Conceição', 'SP'),
    (5225, 'Santa Cruz da Esperança', 'SP'),
    (5226, 'Santa Cruz das Palmeiras', 'SP'),
    (5227, 'Santa Cruz do Rio Pardo', 'SP'),
    (5228, 'Santa Ernestina', 'SP'),
    (5229, 'Santa Fé do Sul', 'SP'),
    (5230, 'Santa Gertrudes', 'SP'),
    (5231, 'Santa Isabel', 'SP'),
    (5232, 'Santa Lúcia', 'SP'),
    (5233, 'Santa Maria da Serra', 'SP'),
    (5234, 'Santa Mercedes', 'SP'),
    (5235, 'Santa Rita d`Oeste', 'SP'),
    (5236, 'Santa Rita do Passa Quatro', 'SP'),
    (5237, 'Santa Rosa de Viterbo', 'SP'),
    (5238, 'Santa Salete', 'SP'),
    (5239, 'Santana da Ponte Pensa', 'SP'),
    (5240, 'Santana de Parnaíba', 'SP'),
    (5241, 'Santo Anastácio', 'SP'),
    (5242, 'Santo André', 'SP'),
    (5243, 'Santo Antônio da Alegria', 'SP'),
    (5244, 'Santo Antônio de Posse', 'SP'),
    (5245, 'Santo Antônio do Aracanguá', 'SP'),
    (5246, 'Santo Antônio do Jardim', 'SP'),
    (5247, 'Santo Antônio do Pinhal', 'SP'),
    (5248, 'Santo Expedito', 'SP'),
    (5249, 'Santópolis do Aguapeí', 'SP'),
    (5250, 'Santos', 'SP'),
    (5251, 'São Bento do Sapucaí', 'SP'),
    (5252, 'São Bernardo do Campo', 'SP'),
    (5253, 'São Caetano do Sul', 'SP'),
    (5254, 'São Carlos', 'SP'),
    (5255, 'São Francisco', 'SP'),
    (5256, 'São João da Boa Vista', 'SP'),
    (5257, 'São João das Duas Pontes', 'SP'),
    (5258, 'São João de Iracema', 'SP'),
    (5259, 'São João do Pau d`Alho', 'SP'),
    (5260, 'São Joaquim da Barra', 'SP'),
    (5261, 'São José da Bela Vista', 'SP'),
    (5262, 'São José do Barreiro', 'SP'),
    (5263, 'São José do Rio Pardo', 'SP'),
    (5264, 'São José do Rio Preto', 'SP'),
    (5265, 'São José dos Campos', 'SP'),
    (5266, 'São Lourenço da Serra', 'SP'),
    (5267, 'São Luís do Paraitinga', 'SP'),
    (5268, 'São Manuel', 'SP'),
    (5269, 'São Miguel Arcanjo', 'SP'),
    (5270, 'São Paulo', 'SP'),
    (5271, 'São Pedro', 'SP'),
    (5272, 'São Pedro do Turvo', 'SP'),
    (5273, 'São Roque', 'SP'),
    (5274, 'São Sebastião', 'SP'),
    (5275, 'São Sebastião da Grama', 'SP'),
    (5276, 'São Simão', 'SP'),
    (5277, 'São Vicente', 'SP'),
    (5278, 'Sarapuí', 'SP'),
    (5279, 'Sarutaiá', 'SP'),
    (5280, 'Sebastianópolis do Sul', 'SP'),
    (5281, 'Serra Azul', 'SP'),
    (5282, 'Serra Negra', 'SP'),
    (5283, 'Serrana', 'SP'),
    (5284, 'Sertãozinho', 'SP'),
    (5285, 'Sete Barras', 'SP'),
    (5286, 'Severínia', 'SP'),
    (5287, 'Silveiras', 'SP'),
    (5288, 'Socorro', 'SP'),
    (5289, 'Sorocaba', 'SP'),
    (5290, 'Sud Mennucci', 'SP'),
    (5291, 'Sumaré', 'SP'),
    (5292, 'Suzanápolis', 'SP'),
    (5293, 'Suzano', 'SP'),
    (5294, 'Tabapuã', 'SP'),
    (5295, 'Tabatinga', 'SP'),
    (5296, 'Taboão da Serra', 'SP'),
    (5297, 'Taciba', 'SP'),
    (5298, 'Taguaí', 'SP'),
    (5299, 'Taiaçu', 'SP'),
    (5300, 'Taiúva', 'SP'),
    (5301, 'Tambaú', 'SP'),
    (5302, 'Tanabi', 'SP'),
    (5303, 'Tapiraí', 'SP'),
    (5304, 'Tapiratiba', 'SP'),
    (5305, 'Taquaral', 'SP'),
    (5306, 'Taquaritinga', 'SP'),
    (5307, 'Taquarituba', 'SP'),
    (5308, 'Taquarivaí', 'SP'),
    (5309, 'Tarabai', 'SP'),
    (5310, 'Tarumã', 'SP'),
    (5311, 'Tatuí', 'SP'),
    (5312, 'Taubaté', 'SP'),
    (5313, 'Tejupá', 'SP'),
    (5314, 'Teodoro Sampaio', 'SP'),
    (5315, 'Terra Roxa', 'SP'),
    (5316, 'Tietê', 'SP'),
    (5317, 'Timburi', 'SP'),
    (5318, 'Torre de Pedra', 'SP'),
    (5319, 'Torrinha', 'SP'),
    (5320, 'Trabiju', 'SP'),
    (5321, 'Tremembé', 'SP'),
    (5322, 'Três Fronteiras', 'SP'),
    (5323, 'Tuiuti', 'SP'),
    (5324, 'Tupã', 'SP'),
    (5325, 'Tupi Paulista', 'SP'),
    (5326, 'Turiúba', 'SP'),
    (5327, 'Turmalina', 'SP'),
    (5328, 'Ubarana', 'SP'),
    (5329, 'Ubatuba', 'SP'),
    (5330, 'Ubirajara', 'SP'),
    (5331, 'Uchoa', 'SP'),
    (5332, 'União Paulista', 'SP'),
    (5333, 'Urânia', 'SP'),
    (5334, 'Uru', 'SP'),
    (5335, 'Urupês', 'SP'),
    (5336, 'Valentim Gentil', 'SP'),
    (5337, 'Valinhos', 'SP'),
    (5338, 'Valparaíso', 'SP'),
    (5339, 'Vargem', 'SP'),
    (5340, 'Vargem Grande do Sul', 'SP'),
    (5341, 'Vargem Grande Paulista', 'SP'),
    (5342, 'Várzea Paulista', 'SP'),
    (5343, 'Vera Cruz', 'SP'),
    (5344, 'Vinhedo', 'SP'),
    (5345, 'Viradouro', 'SP'),
    (5346, 'Vista Alegre do Alto', 'SP'),
    (5347, 'Vitória Brasil', 'SP'),
    (5348, 'Votorantim', 'SP'),
    (5349, 'Votuporanga', 'SP'),
    (5350, 'Zacarias', 'SP'),
    (5351, 'Amparo de São Francisco', 'SE'),
    (5352, 'Aquidabã', 'SE'),
    (5353, 'Aracaju', 'SE'),
    (5354, 'Arauá', 'SE'),
    (5355, 'Areia Branca', 'SE'),
    (5356, 'Barra dos Coqueiros', 'SE'),
    (5357, 'Boquim', 'SE'),
    (5358, 'Brejo Grande', 'SE'),
    (5359, 'Campo do Brito', 'SE'),
    (5360, 'Canhoba', 'SE'),
    (5361, 'Canindé de São Francisco', 'SE'),
    (5362, 'Capela', 'SE'),
    (5363, 'Carira', 'SE'),
    (5364, 'Carmópolis', 'SE'),
    (5365, 'Cedro de São João', 'SE'),
    (5366, 'Cristinápolis', 'SE'),
    (5367, 'Cumbe', 'SE'),
    (5368, 'Divina Pastora', 'SE'),
    (5369, 'Estância', 'SE'),
    (5370, 'Feira Nova', 'SE'),
    (5371, 'Frei Paulo', 'SE'),
    (5372, 'Gararu', 'SE'),
    (5373, 'General Maynard', 'SE'),
    (5374, 'Gracho Cardoso', 'SE'),
    (5375, 'Ilha das Flores', 'SE'),
    (5376, 'Indiaroba', 'SE'),
    (5377, 'Itabaiana', 'SE'),
    (5378, 'Itabaianinha', 'SE'),
    (5379, 'Itabi', 'SE'),
    (5380, 'Itaporanga d`Ajuda', 'SE'),
    (5381, 'Japaratuba', 'SE'),
    (5382, 'Japoatã', 'SE'),
    (5383, 'Lagarto', 'SE'),
    (5384, 'Laranjeiras', 'SE'),
    (5385, 'Macambira', 'SE'),
    (5386, 'Malhada dos Bois', 'SE'),
    (5387, 'Malhador', 'SE'),
    (5388, 'Maruim', 'SE'),
    (5389, 'Moita Bonita', 'SE'),
    (5390, 'Monte Alegre de Sergipe', 'SE'),
    (5391, 'Muribeca', 'SE'),
    (5392, 'Neópolis', 'SE'),
    (5393, 'Nossa Senhora Aparecida', 'SE'),
    (5394, 'Nossa Senhora da Glória', 'SE'),
    (5395, 'Nossa Senhora das Dores', 'SE'),
    (5396, 'Nossa Senhora de Lourdes', 'SE'),
    (5397, 'Nossa Senhora do Socorro', 'SE'),
    (5398, 'Pacatuba', 'SE'),
    (5399, 'Pedra Mole', 'SE'),
    (5400, 'Pedrinhas', 'SE'),
    (5401, 'Pinhão', 'SE'),
    (5402, 'Pirambu', 'SE'),
    (5403, 'Poço Redondo', 'SE'),
    (5404, 'Poço Verde', 'SE'),
    (5405, 'Porto da Folha', 'SE'),
    (5406, 'Propriá', 'SE'),
    (5407, 'Riachão do Dantas', 'SE'),
    (5408, 'Riachuelo', 'SE'),
    (5409, 'Ribeirópolis', 'SE'),
    (5410, 'Rosário do Catete', 'SE'),
    (5411, 'Salgado', 'SE'),
    (5412, 'Santa Luzia do Itanhy', 'SE'),
    (5413, 'Santa Rosa de Lima', 'SE'),
    (5414, 'Santana do São Francisco', 'SE'),
    (5415, 'Santo Amaro das Brotas', 'SE'),
    (5416, 'São Cristóvão', 'SE'),
    (5417, 'São Domingos', 'SE'),
    (5418, 'São Francisco', 'SE'),
    (5419, 'São Miguel do Aleixo', 'SE'),
    (5420, 'Simão Dias', 'SE'),
    (5421, 'Siriri', 'SE'),
    (5422, 'Telha', 'SE'),
    (5423, 'Tobias Barreto', 'SE'),
    (5424, 'Tomar do Geru', 'SE'),
    (5425, 'Umbaúba', 'SE'),
    (5426, 'Abreulândia', 'TO'),
    (5427, 'Aguiarnópolis', 'TO'),
    (5428, 'Aliança do Tocantins', 'TO'),
    (5429, 'Almas', 'TO'),
    (5430, 'Alvorada', 'TO'),
    (5431, 'Ananás', 'TO'),
    (5432, 'Angico', 'TO'),
    (5433, 'Aparecida do Rio Negro', 'TO'),
    (5434, 'Aragominas', 'TO'),
    (5435, 'Araguacema', 'TO'),
    (5436, 'Araguaçu', 'TO'),
    (5437, 'Araguaína', 'TO'),
    (5438, 'Araguanã', 'TO'),
    (5439, 'Araguatins', 'TO'),
    (5440, 'Arapoema', 'TO'),
    (5441, 'Arraias', 'TO'),
    (5442, 'Augustinópolis', 'TO'),
    (5443, 'Aurora do Tocantins', 'TO'),
    (5444, 'Axixá do Tocantins', 'TO'),
    (5445, 'Babaçulândia', 'TO'),
    (5446, 'Bandeirantes do Tocantins', 'TO'),
    (5447, 'Barra do Ouro', 'TO'),
    (5448, 'Barrolândia', 'TO'),
    (5449, 'Bernardo Sayão', 'TO'),
    (5450, 'Bom Jesus do Tocantins', 'TO'),
    (5451, 'Brasilândia do Tocantins', 'TO'),
    (5452, 'Brejinho de Nazaré', 'TO'),
    (5453, 'Buriti do Tocantins', 'TO'),
    (5454, 'Cachoeirinha', 'TO'),
    (5455, 'Campos Lindos', 'TO'),
    (5456, 'Cariri do Tocantins', 'TO'),
    (5457, 'Carmolândia', 'TO'),
    (5458, 'Carrasco Bonito', 'TO'),
    (5459, 'Caseara', 'TO'),
    (5460, 'Centenário', 'TO'),
    (5461, 'Chapada da Natividade', 'TO'),
    (5462, 'Chapada de Areia', 'TO'),
    (5463, 'Colinas do Tocantins', 'TO'),
    (5464, 'Colméia', 'TO'),
    (5465, 'Combinado', 'TO'),
    (5466, 'Conceição do Tocantins', 'TO'),
    (5467, 'Couto de Magalhães', 'TO'),
    (5468, 'Cristalândia', 'TO'),
    (5469, 'Crixás do Tocantins', 'TO'),
    (5470, 'Darcinópolis', 'TO'),
    (5471, 'Dianópolis', 'TO'),
    (5472, 'Divinópolis do Tocantins', 'TO'),
    (5473, 'Dois Irmãos do Tocantins', 'TO'),
    (5474, 'Dueré', 'TO'),
    (5475, 'Esperantina', 'TO'),
    (5476, 'Fátima', 'TO'),
    (5477, 'Figueirópolis', 'TO'),
    (5478, 'Filadélfia', 'TO'),
    (5479, 'Formoso do Araguaia', 'TO'),
    (5480, 'Fortaleza do Tabocão', 'TO'),
    (5481, 'Goianorte', 'TO'),
    (5482, 'Goiatins', 'TO'),
    (5483, 'Guaraí', 'TO'),
    (5484, 'Gurupi', 'TO'),
    (5485, 'Ipueiras', 'TO'),
    (5486, 'Itacajá', 'TO'),
    (5487, 'Itaguatins', 'TO'),
    (5488, 'Itapiratins', 'TO'),
    (5489, 'Itaporã do Tocantins', 'TO'),
    (5490, 'Jaú do Tocantins', 'TO'),
    (5491, 'Juarina', 'TO'),
    (5492, 'Lagoa da Confusão', 'TO'),
    (5493, 'Lagoa do Tocantins', 'TO'),
    (5494, 'Lajeado', 'TO'),
    (5495, 'Lavandeira', 'TO'),
    (5496, 'Lizarda', 'TO'),
    (5497, 'Luzinópolis', 'TO'),
    (5498, 'Marianópolis do Tocantins', 'TO'),
    (5499, 'Mateiros', 'TO'),
    (5500, 'Maurilândia do Tocantins', 'TO'),
    (5501, 'Miracema do Tocantins', 'TO'),
    (5502, 'Miranorte', 'TO'),
    (5503, 'Monte do Carmo', 'TO'),
    (5504, 'Monte Santo do Tocantins', 'TO'),
    (5505, 'Muricilândia', 'TO'),
    (5506, 'Natividade', 'TO'),
    (5507, 'Nazaré', 'TO'),
    (5508, 'Nova Olinda', 'TO'),
    (5509, 'Nova Rosalândia', 'TO'),
    (5510, 'Novo Acordo', 'TO'),
    (5511, 'Novo Alegre', 'TO'),
    (5512, 'Novo Jardim', 'TO'),
    (5513, 'Oliveira de Fátima', 'TO'),
    (5514, 'Palmas', 'TO'),
    (5515, 'Palmeirante', 'TO'),
    (5516, 'Palmeiras do Tocantins', 'TO'),
    (5517, 'Palmeirópolis', 'TO'),
    (5518, 'Paraíso do Tocantins', 'TO'),
    (5519, 'Paranã', 'TO'),
    (5520, 'Pau d`Arco', 'TO'),
    (5521, 'Pedro Afonso', 'TO'),
    (5522, 'Peixe', 'TO'),
    (5523, 'Pequizeiro', 'TO'),
    (5524, 'Pindorama do Tocantins', 'TO'),
    (5525, 'Piraquê', 'TO'),
    (5526, 'Pium', 'TO'),
    (5527, 'Ponte Alta do Bom Jesus', 'TO'),
    (5528, 'Ponte Alta do Tocantins', 'TO'),
    (5529, 'Porto Alegre do Tocantins', 'TO'),
    (5530, 'Porto Nacional', 'TO'),
    (5531, 'Praia Norte', 'TO'),
    (5532, 'Presidente Kennedy', 'TO'),
    (5533, 'Pugmil', 'TO'),
    (5534, 'Recursolândia', 'TO'),
    (5535, 'Riachinho', 'TO'),
    (5536, 'Rio da Conceição', 'TO'),
    (5537, 'Rio dos Bois', 'TO'),
    (5538, 'Rio Sono', 'TO'),
    (5539, 'Sampaio', 'TO'),
    (5540, 'Sandolândia', 'TO'),
    (5541, 'Santa Fé do Araguaia', 'TO'),
    (5542, 'Santa Maria do Tocantins', 'TO'),
    (5543, 'Santa Rita do Tocantins', 'TO'),
    (5544, 'Santa Rosa do Tocantins', 'TO'),
    (5545, 'Santa Tereza do Tocantins', 'TO'),
    (5546, 'Santa Terezinha do Tocantins', 'TO'),
    (5547, 'São Bento do Tocantins', 'TO'),
    (5548, 'São Félix do Tocantins', 'TO'),
    (5549, 'São Miguel do Tocantins', 'TO'),
    (5550, 'São Salvador do Tocantins', 'TO'),
    (5551, 'São Sebastião do Tocantins', 'TO'),
    (5552, 'São Valério da Natividade', 'TO'),
    (5553, 'Silvanópolis', 'TO'),
    (5554, 'Sítio Novo do Tocantins', 'TO'),
    (5555, 'Sucupira', 'TO'),
    (5556, 'Taguatinga', 'TO'),
    (5557, 'Taipas do Tocantins', 'TO'),
    (5558, 'Talismã', 'TO'),
    (5559, 'Tocantínia', 'TO'),
    (5560, 'Tocantinópolis', 'TO'),
    (5561, 'Tupirama', 'TO'),
    (5562, 'Tupiratins', 'TO'),
    (5563, 'Wanderlândia', 'TO'),
    (5564, 'Xambioá', 'TO');

-- INSERT DA TABELA CIDADE 
INSERT INTO tb_bairro(cd_bairro, nm_bairro, cd_cidade) VALUES
(1,	'Belvedere Mar Pequeno',5277),
(2, 'Catiapoã',5277),
(3, 'Centro',5277),
(4, 'Cidade Náutica',5277),
(5, 'Conjunto Residencial Humaitá',5277),
(6, 'Conjunto Residencial Tancredo',5277),
(7, 'Esplanada dos Barreiros',5277),
(8, 'Ilha Porchat',5277),
(9, 'Itararé',5277),
(10, 'Japuí',5277),
(11, 'Jardim Bechara',5277),
(12, 'Jardim Guassú',5277),
(13, 'Jardim Independência',5277),
(14, 'Jardim Irmã Dolores',5277),
(15, 'Jardim Nosso Lar',5277),
(16, 'Jardim Paríso',5277),
(17, 'Jardim Recanto São Vicente',5277),
(18, 'Jardim Rio Branco',5277),
(19, 'Jardim Rio Negro',5277),
(20, 'Morro dos Barbosas',5277),
(21, 'Parque Bandeiras',5277),
(22, 'Parque das Bitaru',5277),
(23, 'Parque Continental',5277),
(24, 'Parque das Bandeiras',5277),
(25, 'Parque Prainha',5277),
(26, 'Parque São Vicente',5277),
(27, 'Planalto Bela Vista',5277),
(28, 'Samarita',5277),
(29, 'Vila Cascatinha',5277),
(30, 'Vila Ema',5277),
(31, 'Vila Iolanda',5277),
(32, 'Vila Jockei Clube',5277),
(33, 'Vila Margarida',5277),
(34, 'Vila Mateo Bei',5277),
(35, 'Vila Matias',5277),
(36, 'Vila Nossa Senhora de Fátima',5277),
(37, 'Vila Nova São Vicente',5277),
(38, 'Vila São Jorge',5277),
(39, 'Vila Valença',5277),
(40, 'Vila Vorturua',5277),
(41, 'Alemoa',5250),
(42, 'Aparecida',5250),
(43, 'Areia Branca',5250), 
(44, 'Chinês',5250), 
(45, 'Bom Retiro ',5250),
(46, 'Boqueirão ',5250),
(47, 'Cabuçu/Caetê ',5250),
(48, 'Campo Grande ',5250),
(49, 'Caneleira/Morro da Caneleira',5250),
(50, 'Caruara',5250),
(51, 'Centro',5250),
(52, 'Chico de Paula',5250),
(53, 'Conjunto Habitacional Castelo Branco',5250),
(54, 'Conjuntos residenciais Costa e Silva e Dale Coutinho',5250),
(55, 'Embaré',5250),
(56, 'Encruzilhada ',5250),
(57, 'Estuário',5250),
(58, 'Gonzaga',5250),
(59, 'Guarapá ',5250),
(60, 'Barnabé',5250),
(61, 'Ilha Diana',5250),
(62, 'Ilha Urubuqueçaba',5250),
(63, 'Iriri',5250),
(64, 'Jabaquara',5250),
(65, 'Castelo',5250),
(66, 'Piratininga',5250),
(67, 'Rádio Clube',5250),
(68, 'São Manuel',5250),
(69, 'José Menino',5250),
(70, 'Macuco',5250),
(71, 'Marapé',5250),
(72, 'Monte Cabrão',5250),
(73, 'Morro Cachoeira',5250),
(74, 'Morro Embaré',5250),
(75, 'Monte Serrate',5250),
(76, 'Morro Boa Vista',5250),
(77, 'Morro do Bufo',5250),
(78, 'São Bento ',5250),
(79, 'Morro do Fontana' ,5250),
(80, 'Morro do Ilhéu Alto',5250),
(81, 'Morro de Nova Cintra',5250),
(82, 'Morro do Pacheco',5250),
(83, 'Morro da Penha',5250),
(84, 'Morro da Santa Casa',5250),
(85, 'Morro Santa Therezinha',5250),
(86, 'Outeirinhos',5250),
(87, 'Paquetá',5250),
(88, 'Pompéia',5250),
(89, 'Ponta da Praia',5250),
(90, 'Porto Alemoa',5250),
(91, 'Porto Macuco ',5250),
(92, 'Porto Paquetá',5250),
(93, 'Porto Ponta da Praia',5250),
(94, 'Porto Saboó',5250),
(95, 'Porto Valongo',5250),
(96, 'Quilombo',5250),
(97, 'Saboó',5250),
(98, 'Santa Maria',5250),
(99, 'Sítio Itabatatinga',5250),
(100, 'Nossa Senhora das Neves',5250),
(101, 'Trindade',5250),
(102, 'Valongo',5250),
(103, 'Vila Alemoa',5250),
(104, 'Vila Belmiro',5250),
(105, 'Vila dos Criadores',5250),
(106, 'Vila Haddad',5250),
(107, 'Vila Hayden',5250),
(108, 'Vila Mathias',5250),
(109, 'Vila Nova',5250),
(110, 'Vila Pantanal',5250),
(111, 'Vila Progresso',5250),
(112, 'Vila Rica',5250),
(113, 'Vila Santa Casa',5250),
(114, 'São Jorge',5250),
(115, 'Zona Jurubatuba',5250),
(116, 'Zona Serra do Mar',5250),
(117, 'Piaçaguera',5250),
(118, 'Bagres',5250),
(119, 'Andaraguá',5167),
(120, 'Anhanguera',5167),
(121, 'Aviação',5167),
(122, 'Bairro Militar',5167),
(123, 'Balneário Maracanã',5167),
(124, 'Boqueirão',5167),
(125, 'Caiçara',5167),
(126, 'Caieiras',5167),
(127, 'Caminho da Serra',5167),
(128, 'Cidade da Criança',5167),
(129, 'Cohab',5167),
(130, 'Distrito Sede de Praia Grande',5167),
(131, 'Duque de Caxias',5167),
(132, 'Emissário',5167),
(133, 'Flórida',5167),
(134, 'Guariúma',5167),
(135, 'Intermares',5167),
(136, 'Jardim Aloha',5167),
(137, 'Jardim Esmeralda',5167),
(138, 'Jardim Glória',5167),
(139, 'Jardim Guilhermina',5167),
(140, 'Jardim Imperador',5167),
(141, 'Jardim Quietude',5167),
(142, 'Jardim Real',5167), 
(143, 'Jardins',5167), 
(144, 'Maxland',5167), 
(145, 'Melvi',5167), 
(146, 'Mirim',5167), 
(147, 'Ocian',5167), 
(148, 'Parque das Américas',5167), 
(149, 'Pedra de Tórguer',5167), 
(150, 'Ribeirópolis',5167), 
(151, 'Samambaia',5167), 
(152, 'Sanharol',5167), 
(153, 'Santa Helena',5167), 
(154, 'Santa Mathilde',5167), 
(155, 'Sítio do Campo',5167), 
(156, 'Sítio dos Jesuítas',5167), 
(157, 'Solemar',5167), 
(158, 'Trilha da Adutora',5167), 
(159, 'Tude Bastos',5167), 
(160, 'Tupi',5167), 
(161, 'Tupiry',5167), 
(162, 'Vila Sônia',5167), 
(163, 'Vila Tupi',5167), 
(164, 'Ximeno de Villeroy',5167), 
(165, 'Xixová', 5167);


/*
-- INSERT DA TABELA PEÇA 
INSERT INTO tb_peca
    (cd_peca, nm_peca, cd_tipo_peca)
VALUES
    (1, 'Acabamento da saia dianteira', 1),
    (2, 'Acabamento do friso lateral', 1),
    (3, 'Acabamento do vidro traseiro', 1),
    (4, 'Acabamento externo do para-brisa', 1),
    (5, 'Acabamento externo retrovisor', 1),
    (6, 'Adesivo de coluna', 1),
    (7, 'Adesivo refletor', 1),
    (8, 'Aerofólio', 1),
    (9, 'Almofada do para-choque', 1),
    (10, 'Aplique aro do farol de milha', 1),
    (11, 'Aplique capa do retrovisor', 1),
    (12, 'Aplique da grade', 1),
    (13, 'Aplique da grade do para-choque,', 1),
    (14, 'Aplique da soleira', 1),
    (15, 'Aplique do capô', 1),
    (16, 'Aplique do para-choque', 1),
    (17, 'Aro da lanterna', 1),
    (18, 'Aro da lanterna traseira', 1),
    (19, 'Aro do farol', 1),
    (20, 'Aro do quebra vento', 1),
    (21, 'Bigode de lata', 1),
    (22, 'Borracha da churrasqueira', 1),
    (23, 'Botão da maçaneta', 1),
    (24, 'Calço da maçaneta externa', 1),
    (25, 'Calço de borracha com rosca do capô', 1),
    (26, 'Calha de chuva', 1),
    (27, 'Calota aro 13', 1),
    (28, 'Calota aro 13 Chevrolet', 1),
    (29, 'Calota aro 14', 1),
    (30, 'Calota aro 14 Chevrolet', 1),
    (31, 'Calota aro 14 Ford', 1),
    (32, 'Calota aro 15', 1),
    (33, 'Calota aro 15 Chevrolet', 1),
    (34, 'Calota do centro da roda', 1),
    (35, 'Calota do centro da roda Fiat', 1),
    (36, 'Calota do centro da roda Ford', 1),
    (37, 'Calota do centro da roda GM', 1),
    (38, 'Calota do centro da roda VW', 1),
    (39, 'Capa da haste do limpador', 1),
    (40, 'Capa da maçaneta', 1),
    (41, 'Capa de estepe', 1),
    (42, 'Capa de parafuso', 1),
    (43, 'Capa do retrovisor', 1),
    (44, 'Carcaça da lanterna traseira', 1),
    (45, 'Chapinha', 1),
    (46, 'Chapinha da moldura do pára-lama', 1),
    (47, 'Churrasqueira', 1),
    (48, 'Cobertura da lanterna de placa', 1),
    (49, 'Dobradiça da portinhola', 1),
    (50, 'Dobradiça do quebra-vento', 1),
    (51, 'Emblema', 1),
    (52, 'Enfeite imitação', 1),
    (53, 'Engate', 1),
    (54, 'Entrada de ar lateral externa', 1),
    (55, 'Esguicho de água do para-brisa', 1),
    (56, 'Esguicho de água do vidro traseiro', 1),
    (57, 'Estribo', 1),
    (58, 'Extensão da lanterna traseira', 1),
    (59, 'Faixa adesiva', 1),
    (60, 'Friso colante', 1),
    (61, 'Friso da caçamba', 1),
    (62, 'Friso da calha do teto', 1),
    (63, 'Friso da grade dianteira', 1),
    (64, 'Friso da janela', 1),
    (65, 'Friso da lanterna dianteira', 1),
    (66, 'Friso da lanterna traseira', 1),
    (67, 'Friso da saia dianteira', 1),
    (68, 'Friso da tampa traseira', 1),
    (69, 'Friso do capô dianteiro', 1),
    (70, 'Friso do capô traseiro', 1),
    (71, 'Friso do contorno do pára-lama', 1),
    (72, 'Friso do estribo', 1),
    (73, 'Friso do farol', 1),
    (74, 'Friso do farol de milha', 1),
    (75, 'Friso do para-brisa/vidro traseiro', 1),
    (76, 'Friso do para-choque', 1),
    (77, 'Friso do teto', 1),
    (78, 'Friso lateral', 1),
    (79, 'Gancho da caçamba', 1),
    (80, 'Grade da coluna da porta', 1),
    (81, 'Grade dianteira', 1),
    (82, 'Grade do para-choque', 1),
    (83, 'Grade lateral fixa', 1),
    (84, 'Haste da antena do teto', 1),
    (85, 'Haste do limpador', 1),
    (86, 'Lente da lanterna dianteira', 1),
    (87, 'Lente da lanterna traseira', 1),
    (88, 'Lente do retrovisor com base', 1),
    (89, 'Lente do retrovisor sem base', 1),
    (90, 'Lente lanterna da placa', 1),
    (91, 'Lente lanterna do para-choque', 1),
    (92, 'Letreiro', 1),
    (93, 'Limpador do para-brisa', 1),
    (94, 'Limpador do vidro traseiro', 1),
    (95, 'Limpador do vigia com haste', 1),
    (96, 'Mata-junta do friso da janela', 1),
    (97, 'Moldura da grade', 1),
    (98, 'Moldura da lanterna dianteira', 1),
    (99, 'Moldura da maçaneta da caçamba', 1),
    (100, 'Moldura da placa', 1),
    (101, 'Moldura do farol', 1),
    (102, 'Moldura do farol de milha', 1),
    (103, 'Moldura do para-lama', 1),
    (104, 'Olho de gato', 1),
    (105, 'Para-barro do para-lama dianteiro', 1),
    (106, 'Ponteira do para-choque dianteira', 1),
    (107, 'Ponteira do para-choque traseira', 1),
    (108, 'Porta bagagem para rack', 1),
    (109, 'Portinhola de combustível', 1),
    (110, 'Protetor do pára-choque', 1),
    (111, 'Rack longitudinal (longarina)', 1),
    (112, 'Rack transversal', 1),
    (113, 'Refil do limpador', 1),
    (114, 'Retrovisor externo', 1),
    (115, 'Spoiler dianteiro', 1),
    (116, 'Spoiler lateral', 1),
    (117, 'Spoiler traseiro', 1),
    (118, 'Suporte da ponta do para-choque', 1),
    (119, 'Tampa do farol de milha', 1),
    (120, 'Tampa do reboque', 1),
    (121, 'Tampinha do furo da antena', 1),
    (122, 'Tapete da caçamba', 1),
    (123, 'Travessa p/ rack longitudinal', 1),
    (124, 'Acabamento da coluna interna', 2),
    (125, 'Acabamento do botão do banco', 2),
    (126, 'Acabamento do suporte do banco', 2),
    (127, 'Acabamento interno vidro traseiro', 2),
    (128, 'Alavanca de regulagem do banco', 2),
    (129, 'Alça do teto', 2),
    (130, 'Anel da maçaneta de vidro', 2),
    (131, 'Aplique capa do freio de mão', 2),
    (132, 'Aplique do tapete', 2),
    (133, 'Arremate do vidro porta traseira', 2),
    (134, 'Bolsa da porta', 2),
    (135, 'Borracha interruptor de porta', 2),
    (136, 'Botão da maçaneta', 2),
    (137, 'Botão do interruptor do farol', 2),
    (138, 'Botão do interruptor espelho', 2),
    (139, 'Botão do porta-luvas', 2),
    (140, 'Botão trava banco traseiro', 2),
    (141, 'Cabide da coluna', 2),
    (142, 'Caixa do porta-luvas', 2),
    (143, 'Capa de pedal', 2),
    (144, 'Capa parafuso Revestimento', 2),
    (145, 'Capa regulagem do banco', 2),
    (146, 'Coifa da alavanca de câmbio', 2),
    (147, 'Coifa da alavanca do freio de mão', 2),
    (148, 'Console', 2),
    (149, 'Corda do tampão do porta-malas', 2),
    (150, 'Descansa braço', 2),
    (151, 'Dobradiça tampa do porta luvas', 2),
    (152, 'Entrada de ar do painel', 2),
    (153, 'Forração do teto (tapeçaria)', 2),
    (154, 'Grade da coluna da porta', 2),
    (155, 'Kit do apoio de cabeça', 2),
    (156, 'Lente da lanterna do teto', 2),
    (157, 'Manopla de regulagem do banco', 2),
    (158, 'Manopla do câmbio', 2),
    (159, 'Manopla do freio de mão', 2),
    (160, 'Manopla que levanta o banco', 2),
    (161, 'Painel de instrumento', 2),
    (162, 'Papelão do bagagito', 2),
    (163, 'Papelão do porta-malas', 2),
    (164, 'Pedal do acelerador', 2),
    (165, 'Pedaleira', 2),
    (166, 'Porta celular', 2),
    (167, 'Porta copo', 2),
    (168, 'Porta óculos', 2),
    (169, 'Quebra-sol', 2),
    (170, 'Retrovisor interno', 2),
    (171, 'Revestimento de porta', 2),
    (172, 'Revestimento lateral traseiro', 2),
    (173, 'Suporte do extintor', 2),
    (174, 'Suporte do quebra-sol', 2),
    (175, 'Suporte tampão do porta-malas', 2),
    (176, 'Tampa botão regulagem do banco', 2),
    (177, 'Tampa buraco do rádio', 2),
    (178, 'Tampa da caixa de fusíveis', 2),
    (179, 'Tampa do porta-luvas', 2),
    (180, 'Tampão do porta-malas', 2),
    (181, 'Tapete de borracha', 2),
    (182, 'Tapete de carpete+borracha', 2),
    (183, 'Tapete do porta-malas de borracha', 2),
    (184, 'Tapete do túnel', 2),
    (185, 'Tapete tuning', 2),
    (186, 'Tela do alto-falante', 2),
    (187, 'Trava do cinto de segurança', 2),
    (188, 'Acabamento da saia dianteira', 3),
    (189, 'Acendedor de cigarros', 3),
    (190, 'Adesivo coluna da porta', 3),
    (191, 'Adesivo com leds', 3),
    (192, 'Adesivo de coluna', 3),
    (193, 'Adesivo refletor', 3),
    (194, 'Aerofólio', 3),
    (195, 'Amplificador de potência', 3),
    (196, 'Anti-ruído do capô', 3),
    (197, 'Aplique aro do farol de milha', 3),
    (198, 'Aplique capa do freio de mão', 3),
    (199, 'Aplique capa do retrovisor', 3),
    (200, 'Aplique da grade', 3),
    (201, 'Aplique da grade do para-choque', 3),
    (202, 'Aplique da soleira', 3),
    (203, 'Aplique da tampa tanque combustível', 3),
    (204, 'Aplique do capô', 3),
    (205, 'Aplique do tapete', 3),
    (206, 'Aro da lanterna', 3),
    (207, 'Aro do farol', 3),
    (208, 'Arremate do vidro porta traseira', 3),
    (209, 'Arruela', 3),
    (210, 'Arruela de pressão', 3),
    (211, 'Arruela para calota', 3),
    (212, 'Assento cadeirinha automotiva', 3),
    (213, 'Bloco ótico do farol de milha', 3),
    (214, 'Bolsa da porta', 3),
    (215, 'Borracha da churrasqueira', 3),
    (216, 'Brake-light', 3),
    (217, 'Bucha de adaptação p/ volante', 3),
    (218, 'Buzina', 3),
    (219, 'Cadeirinha automotiva', 3),
    (220, 'Caixa acústica', 3),
    (221, 'Caixa de som', 3),
    (222, 'Caixa organizadora', 3),
    (223, 'Calha de chuva', 3),
    (224, 'Calota aro 13', 3),
    (225, 'Calota aro 13 Chevrolet', 3),
    (226, 'Calota aro 14', 3),
    (227, 'Calota aro 14 Chevrolet', 3),
    (228, 'Calota aro 14 Ford', 3),
    (229, 'Calota aro 15', 3),
    (230, 'Calota aro 15 Chevrolet', 3),
    (231, 'Calota do centro da roda', 3),
    (232, 'Calota do centro da roda Fiat', 3),
    (233, 'Calota do centro da roda Ford', 3),
    (234, 'Calota do centro da roda GM', 3),
    (235, 'Calota do centro da roda VW', 3),
    (236, 'Câmera de marcha ré', 3),
    (237, 'Capa da maçaneta', 3),
    (238, 'Capa de acionamento da chave', 3),
    (239, 'Capa de carro', 3),
    (240, 'Capa de estepe', 3),
    (241, 'Capa de parafuso', 3),
    (242, 'Capa de pedal', 3),
    (243, 'Capa do volante', 3),
    (244, 'Capa para banco', 3),
    (245, 'Capa para motociclista', 3),
    (246, 'Capa para motos', 3),
    (247, 'Capa para válvula da roda', 3),
    (248, 'Capa protetora', 3),
    (249, 'Capacete', 3),
    (250, 'CD player', 3),
    (251, 'Central multimídia', 3),
    (252, 'Chapinha', 3),
    (253, 'Churrasqueira', 3),
    (254, 'Cinta para rack', 3),
    (255, 'Cobertura da lanterna de placa', 3),
    (256, 'Coifa da alavanca de câmbio', 3),
    (257, 'Coifa da alavanca do freio de mão', 3),
    (258, 'Console', 3),
    (259, 'Conversor de impedância', 3),
    (260, 'Descansa braço', 3),
    (261, 'Elástico do bagageiro', 3),
    (262, 'Encosto de cabeça com tela LCD', 3),
    (263, 'Enfeite imitação', 3),
    (264, 'Engate', 3),
    (265, 'Entrada de ar lateral externa', 3),
    (266, 'Esguicho de água do para-brisa', 3),
    (267, 'Esguicho de água do vidro traseiro', 3),
    (268, 'Espelho olho de boi', 3),
    (269, 'Estribo', 3),
    (270, 'Extintor de incêndio', 3),
    (271, 'Faixa branca do pneu', 3),
    (272, 'Farol de milha', 3),
    (273, 'Farol de socorro', 3),
    (274, 'Farol tuning', 3),
    (275, 'Friso da grade dianteira', 3),
    (276, 'Friso da lanterna dianteira', 3),
    (277, 'Friso da lanterna traseira', 3),
    (278, 'Friso do farol', 3),
    (279, 'Friso do farol de milha', 3),
    (280, 'Friso lateral', 3),
    (281, 'Gancho da caçamba', 3),
    (282, 'GPS (navegador)', 3),
    (283, 'Grade dianteira', 3),
    (284, 'Grade lateral fixa', 3),
    (285, 'Haste da antena do teto', 3),
    (286, 'Haste do limpador', 3),
    (287, 'Kit anti-furto p/ calota centro da roda', 3),
    (288, 'Kit de farol de milha', 3),
    (289, 'Kit para fixação da viseira', 3),
    (290, 'Kit vidro elétrico', 3),
    (291, 'Lanterna dianteira tuning', 3),
    (292, 'Lanterna traseira tuning', 3),
    (293, 'Lente da lanterna dianteira', 3),
    (294, 'Lente da lanterna traseira', 3),
    (295, 'Lente lanterna da placa', 3),
    (296, 'Lente lanterna do para-choque', 3),
    (297, 'Limpador do para-brisa', 3),
    (298, 'Limpador do vidro traseiro', 3),
    (299, 'Limpador do vigia com haste', 3),
    (300, 'Manopla do câmbio', 3),
    (301, 'Manopla do freio de mão', 3),
    (302, 'Moldura da placa', 3),
    (303, 'Moldura de central multimídia', 3),
    (304, 'Óculos', 3),
    (305, 'Olho de gato', 3),
    (306, 'Organizador automotivo', 3),
    (307, 'Para-sol do para-brisa', 3),
    (308, 'Para-sol lateral', 3),
    (309, 'Pedaleira', 3),
    (310, 'Porta bagagem para rack', 3),
    (311, 'Porta CD', 3),
    (312, 'Porta celular', 3),
    (313, 'Porta copo', 3),
    (314, 'Porta óculos', 3),
    (315, 'Pré-amplificador', 3),
    (316, 'Prismas para veículo', 3),
    (317, 'Protetor da porta', 3),
    (318, 'Protetor de cárter', 3),
    (319, 'Protetor de porta removivel', 3),
    (320, 'Protetor do cinto de segurança', 3),
    (321, 'Protetor do pára-choque', 3),
    (322, 'Rack longitudinal (longarina)', 3),
    (323, 'Rack transversal', 3),
    (324, 'Refil do limpador', 3),
    (325, 'Rele de buzina', 3),
    (326, 'Relógio', 3),
    (327, 'Sensor de estacionamento', 3),
    (328, 'Spoiler dianteiro', 3),
    (329, 'Spoiler lateral', 3),
    (330, 'Spoiler traseiro', 3),
    (331, 'Spot mini', 3),
    (332, 'Suporte da placa', 3),
    (333, 'Suporte do extintor', 3),
    (334, 'Suporte para bicicleta', 3),
    (335, 'Suporte para encaixe da chave', 3),
    (336, 'Suporte para GPS (navegador)', 3),
    (337, 'Tampinha do furo da antena', 3),
    (338, 'Tapete da caçamba', 3),
    (339, 'Tapete de borracha', 3),
    (340, 'Tapete de carpete+borracha', 3),
    (341, 'Tapete do porta-malas de borracha', 3),
    (342, 'Tapete do túnel', 3),
    (343, 'Tapete tuning', 3),
    (344, 'Tela do alto-falante', 3),
    (345, 'Trava anti-furto para volante', 3),
    (346, 'Trava de segurança', 3),
    (347, 'Trava elétrica', 3),
    (348, 'Trava pega-ladrão', 3),
    (349, 'Travessa p/ rack longitudinal', 3),
    (350, 'Tubo do escape', 3),
    (351, 'Ventilador', 3),
    (352, 'Volante', 3),
    (353, 'Aditivo do combustível', 4),
    (354, 'Aplique da tampa tanque combustível', 4),
    (355, 'Bóia do tanque de combustível', 4),
    (356, 'Bomba de combustível', 4),
    (357, 'Bomba de combustível elétrica', 4),
    (358, 'Bomba para tirar combustível', 4),
    (359, 'Bomba reservatório água/gasolina', 4),
    (360, 'Dobradiça da portinhola', 4),
    (361, 'Mangueira de combustível', 4),
    (362, 'Platinado', 4),
    (363, 'Portinhola de combustível', 4),
    (364, 'Refil bomba de combustível', 4),
    (365, 'Regulador de voltagem', 4),
    (366, 'Regulador elétrico multi fução', 4),
    (367, 'Reservatório de partida fria', 4),
    (368, 'Rotor do distribuidor', 4),
    (369, 'Tampa do distribuidor', 4),
    (370, 'Tampa do tanque de combustível', 4),
    (371, 'Tanque de combustível', 4),
    (372, 'Amortecedor da direção', 5),
    (373, 'Amortecedor dianteiro', 5),
    (374, 'Amortecedor do porta-malas', 5),
    (375, 'Amortecedor traseiro', 5),
    (376, 'Bandeja da suspensão', 5),
    (377, 'Kit do amortecedor dianteiro', 5),
    (378, 'Kit do amortecedor traseiro', 5),
    (379, 'Mola do capô traseiro', 5),
    (380, 'Filtro da cabine', 6),
    (381, 'Limpador de ar condicionado', 6),
    (382, 'Purificador de Ar', 6),
    (383, 'Aditivo para radiador', 7),
    (384, 'Bomba dÂ´água', 7),
    (385, 'Capa ventilação do capô', 7),
    (386, 'Cebolão do radiador', 7),
    (387, 'Coxim do radiador', 7),
    (388, 'Limpa radiador', 7),
    (389, 'Mangueira esguicho para-brisa', 7),
    (390, 'Radiador do motor', 7),
    (391, 'Reserv. de água do radiador', 7),
    (392, 'Tampa do reservatório do radiador', 7),
    (393, 'Válvula termostática', 7),
    (394, 'Acabamento do botão do banco', 8),
    (395, 'Acabamento do suporte do banco', 8),
    (396, 'Alavanca de regulagem do banco', 8),
    (397, 'Apoio de cabeça', 8),
    (398, 'Assento cadeirinha automotiva', 8),
    (399, 'Botão trava banco traseiro', 8),
    (400, 'Cabo do banco', 8),
    (401, 'Cadeirinha automotiva', 8),
    (402, 'Capa para banco', 8),
    (403, 'Capa regulagem do banco', 8),
    (404, 'Encosto de cabeça com tela LCD', 8),
    (405, 'Grampo do banco', 8),
    (406, 'Impermeabilizador de tecidos', 8),
    (407, 'Kit do apoio de cabeça', 8),
    (408, 'Manopla de regulagem do banco', 8),
    (409, 'Manopla que levanta o banco', 8),
    (410, 'Restaurador de couro', 8),
    (411, 'Roldana do banco', 8),
    (412, 'Acabamento do vidro traseiro', 9),
    (413, 'Acabamento externo do para-brisa', 9),
    (414, 'Acabamento interno vidro traseiro', 9),
    (415, 'Aplique do tapete', 9),
    (416, 'Borracha', 9),
    (417, 'Borracha crua', 9),
    (418, 'Borracha da churrasqueira', 9),
    (419, 'Borracha da janela lateral traseira', 9),
    (420, 'Borracha da porta', 9),
    (421, 'Borracha da tampa traseira', 9),
    (422, 'Borracha do para-brisa', 9),
    (423, 'Borracha do para-choque', 9),
    (424, 'Borracha do quebra-vento', 9),
    (425, 'Borracha do vidro traseiro', 9),
    (426, 'Borracha entre os vidros laterais', 9),
    (427, 'Borracha interruptor de porta', 9),
    (428, 'Borracha rosca do batente', 9),
    (429, 'Borracha superior da porta', 9),
    (430, 'Calço de borracha com rosca do capô', 9),
    (431, 'Canaleta', 9),
    (432, 'Capa de pedal', 9),
    (433, 'Cola de para-brisa', 9),
    (434, 'Grampo da borracha para-choque', 9),
    (435, 'Pestana externa', 9),
    (436, 'Pestana interna', 9),
    (437, 'Tampa para furo do assoalho', 9),
    (438, 'Tampinha do furo da antena', 9),
    (439, 'Cabo da embreagem', 10),
    (440, 'Cabo da fechadura', 10),
    (441, 'Cabo da tampa traseira', 10),
    (442, 'Cabo de abertura do capô', 10),
    (443, 'Cabo de vela', 10),
    (444, 'Cabo do acelerador', 10),
    (445, 'Cabo do afogador', 10),
    (446, 'Cabo do banco', 10),
    (447, 'Cabo do freio de mão', 10),
    (448, 'Cabo do velocímetro', 10),
    (449, 'Pedal do acelerador', 10),
    (450, 'Arruela', 11),
    (451, 'Arruela de pressão', 11),
    (452, 'Arruela para calota', 11),
    (453, 'Calota aro 13', 11),
    (454, 'Calota aro 13 Chevrolet', 11),
    (455, 'Calota aro 14', 11),
    (456, 'Calota aro 14 Chevrolet', 11),
    (457, 'Calota aro 14 Ford', 11),
    (458, 'Calota aro 15', 11),
    (459, 'Calota aro 15 Chevrolet', 11),
    (460, 'Calota do centro da roda', 11),
    (461, 'Calota do centro da roda Fiat', 11),
    (462, 'Calota do centro da roda Ford', 11),
    (463, 'Calota do centro da roda GM', 11),
    (464, 'Calota do centro da roda VW', 11),
    (465, 'Kit anti-furto p/ calota centro da roda', 12),
    (466, 'Acendedor de cigarros', 12),
    (467, 'Adaptador de lâmpada', 12),
    (468, 'Alarme para automóveis', 12),
    (469, 'Alarme para motos', 12),
    (470, 'Alavanca da chave de seta', 12),
    (471, 'Antena', 12),
    (472, 'Antena do teto', 12),
    (473, 'Bandeja da bateria', 12),
    (474, 'Bateria', 12),
    (475, 'Bloco ótico do farol de milha', 12),
    (476, 'Bobina de ignição', 12),
    (477, 'Bomba de combustível', 12),
    (478, 'Bomba de combustível elétrica', 12),
    (479, 'Bomba reservatório água/gasolina', 12),
    (480, 'Botão chave do alarme', 12),
    (481, 'Buzina', 12),
    (482, 'Cabo de vela', 12),
    (483, 'Caixa de fusíveis', 12),
    (484, 'Caixa organizadora', 12),
    (485, 'Caixa para ferramentas', 12),
    (486, 'Carregador de bateria', 12),
    (487, 'Centralina', 12),
    (488, 'Chave de seta', 12),
    (489, 'Chave do limpador do vidro', 12),
    (490, 'Chicote do rádio', 12),
    (491, 'Chupeta de bateria', 12),
    (492, 'Comutador de partida', 12),
    (493, 'Conector adaptador para radio', 12),
    (494, 'Farol', 12),
    (495, 'Farol de milha', 12),
    (496, 'Farol de socorro', 12),
    (497, 'Farol tuning', 12),
    (498, 'Fusível', 12),
    (499, 'Interruptor de emergência', 12),
    (500, 'Interruptor de porta', 12),
    (501, 'Interruptor do desembaçador', 12),
    (502, 'Interruptor do farol', 12),
    (503, 'Interruptor do farol de milha', 12),
    (504, 'Interruptor do retrovisor', 12),
    (505, 'Interruptor do vidro', 12),
    (506, 'Interruptor liga/desliga', 12),
    (507, 'Interruptor ventilador do ar', 12),
    (508, 'Kit da lâmpada do farol', 12),
    (509, 'Kit de farol de milha', 12),
    (510, 'Kit vidro elétrico', 12),
    (511, 'Lâmpada', 12),
    (512, 'Lâmpada do farol', 12),
    (513, 'Lanterna da placa', 12),
    (514, 'Lanterna de teto', 12),
    (515, 'Lanterna dianteira', 12),
    (516, 'Lanterna dianteira tuning', 12),
    (517, 'Lanterna do para-choque', 12),
    (518, 'Lanterna do pára-lama', 12),
    (519, 'Lanterna do revestimento porta', 12),
    (520, 'Lanterna para socorro', 12),
    (521, 'Lanterna traseira tuning', 12),
    (522, 'Lente da lanterna dianteira', 12),
    (523, 'Lente da lanterna traseira', 12),
    (524, 'Lente lanterna da placa', 12),
    (525, 'Lente lanterna do para-choque', 12),
    (526, 'Motor da máquina de vidro', 12),
    (527, 'Porta fusível', 12),
    (528, 'Regulador de voltagem', 12),
    (529, 'Regulador elétrico multi fução', 12),
    (530, 'Rele auxiliar', 12),
    (531, 'Rele de buzina', 12),
    (532, 'Rele do farol', 12),
    (533, 'Relógio', 12),
    (534, 'Sealed bean', 12),
    (535, 'Sensor de estacionamento', 12),
    (536, 'Soquete da lâmpada do painel', 12),
    (537, 'Soquete da lanterna de placa', 12),
    (538, 'Soquete da lanterna dianteira', 12),
    (539, 'Soquete da lanterna do farol', 12),
    (540, 'Soquete da lanterna traseira', 12),
    (541, 'Soquete do capô', 12),
    (542, 'Soquete do farol', 12),
    (543, 'Spot mini', 12),
    (544, 'Terminal de encaixe', 12),
    (545, 'Trava elétrica', 12),
    (546, 'Vela de ignição', 12),
    (547, 'Emblema', 13),
    (548, 'Faixa adesiva', 13),
    (549, 'Letreiro', 13),
    (550, 'Cabo da embreagem', 14),
    (551, 'Coifa da alavanca de câmbio', 14),
    (552, 'Coroa pinhão', 14),
    (553, 'Cruzeta', 14),
    (554, 'Kit de embreagem', 14),
    (555, 'Retentor caixa de mudança', 14),
    (556, 'Retentor dianteiro virabrequim', 14),
    (557, 'Retentor traseiro virabrequim', 14),
    (558, 'Rolamento diferencial', 14),
    (559, 'Rolamento lateral da coroa', 14),
    (560, 'Coxim do escapamento', 15),
    (561, 'Sensor lambda', 15),
    (562, 'Broca aço rápido', 16),
    (563, 'Caixa organizadora', 16),
    (564, 'Caixa para ferramentas', 16),
    (565, 'Cavalete', 16),
    (566, 'Chapa de aço para remendo', 16),
    (567, 'Chave combinada', 16),
    (568, 'Chave de fenda', 16),
    (569, 'Chave de roda', 16),
    (570, 'Chave de vela', 16),
    (571, 'Chave estrela', 16),
    (572, 'Chave L', 16),
    (573, 'Chave sextavada canhão', 16),
    (574, 'Chupeta de bateria', 16),
    (575, 'Macaco', 16),
    (576, 'Pistola para cola de silicone', 16),
    (577, 'Rebitadeira', 16),
    (578, 'Rebite', 16),
    (579, 'Filtro da cabine', 17),
    (580, 'Filtro de ar do motor', 17),
    (581, 'Filtro de combustível', 17),
    (582, 'Filtro de óleo', 17),
    (583, 'Mangueira do filtro de ar', 17),
    (584, 'Purificador de Ar', 17),
    (585, 'Aplique capa do freio de mão', 18),
    (586, 'Cabo do freio de mão', 18),
    (587, 'Cilindro mestre do freio', 18),
    (588, 'Coifa da alavanca do freio de mão', 18),
    (589, 'Cubo de roda', 18),
    (590, 'Disco de freio', 18),
    (591, 'Lona(sapata) de freio', 18),
    (592, 'Manopla do freio de mão', 18),
    (593, 'Óleo do freio', 18),
    (594, 'Pastilha de freio', 18),
    (595, 'Reservatório do óleo de freio', 18),
    (596, 'Acabamento da saia dianteira', 19),
    (597, 'Acabamento do friso lateral', 19),
    (598, 'Aplique da grade', 19),
    (599, 'Aplique do capô', 19),
    (600, 'Aro da lanterna', 19),
    (601, 'Aro do farol', 19),
    (602, 'Calha de chuva', 19),
    (603, 'Cobertura da lanterna de placa', 19),
    (604, 'Friso colante', 19),
    (605, 'Friso da caçamba', 19),
    (606, 'Friso da calha do teto', 19),
    (607, 'Friso da grade dianteira', 19),
    (608, 'Friso da janela', 19),
    (609, 'Friso da lanterna dianteira', 19),
    (610, 'Friso da lanterna traseira', 19),
    (611, 'Friso da saia dianteira', 19),
    (612, 'Friso da tampa traseira', 19),
    (613, 'Friso do capô dianteiro', 19),
    (614, 'Friso do capô traseiro', 19),
    (615, 'Friso do contorno do pára-lama', 19),
    (616, 'Friso do estribo', 19),
    (617, 'Friso do farol', 19),
    (618, 'Friso do farol de milha', 19),
    (619, 'Friso do para-brisa/vidro traseiro', 19),
    (620, 'Friso do para-choque', 19),
    (621, 'Friso do teto', 19),
    (622, 'Friso lateral', 19),
    (623, 'Grampo do friso lateral', 19),
    (624, 'Mata-junta do friso', 19),
    (625, 'Mata-junta do friso da janela', 19),
    (626, 'Moldura do para-lama', 19),
    (627, 'Protetor da porta', 19),
    (628, 'Protetor de porta removivel', 19),
    (629, 'Suporte para bicicleta', 19),
    (630, 'Abraçadeira', 20),
    (631, 'Abraçadeira plástica', 20),
    (632, 'Bolsa da porta', 20),
    (633, 'Borracha rosca do batente', 20),
    (634, 'Bucha da grade', 20),
    (635, 'Bucha da máquina de vidro', 20),
    (636, 'Bucha do farol', 20),
    (637, 'Bucha do grampo do spoiler', 20),
    (638, 'Bucha do para-choque', 20),
    (639, 'Bucha do reservatório', 20),
    (640, 'Bucha fixa vareta do capô', 20),
    (641, 'Bucha pino de porta', 20),
    (642, 'Caixa organizadora', 20),
    (643, 'Calço de borracha com rosca do capô', 20),
    (644, 'Calço do capô dianteiro', 20),
    (645, 'Chapinha da moldura do pára-lama', 20),
    (646, 'Chapinha do aro do farol', 20),
    (647, 'Friso do farol', 20),
    (648, 'Grampo acabamento retrovisor', 20),
    (649, 'Grampo apoio da vareta do capô', 20),
    (650, 'Grampo da borracha da saia', 20),
    (651, 'Grampo da borracha para-choque', 20),
    (652, 'Grampo da grade', 20),
    (653, 'Grampo da haste da fechadura', 20),
    (654, 'Grampo da lanterna dianteira', 20),
    (655, 'Grampo da maçaneta', 20),
    (656, 'Grampo da maçaneta de vidro', 20),
    (657, 'Grampo da moldura do pára-lama', 20),
    (658, 'Grampo da pestana', 20),
    (659, 'Grampo da placa', 20),
    (660, 'Grampo de cabos', 20),
    (661, 'Grampo descanso vareta do capô', 20),
    (662, 'Grampo do aro do farol', 20),
    (663, 'Grampo do banco', 20),
    (664, 'Grampo do carpete', 20),
    (665, 'Grampo do descansa braço', 20),
    (666, 'Grampo do farol', 20),
    (667, 'Grampo do fio da vela', 20),
    (668, 'Grampo do friso da soleira', 20),
    (669, 'Grampo do friso do estribo', 20),
    (670, 'Grampo do friso do teto', 20),
    (671, 'Grampo do friso lateral', 20),
    (672, 'Grampo do para-barro', 20),
    (673, 'Grampo do para-choque', 20),
    (674, 'Grampo do revestimento capô dianteiro', 20),
    (675, 'Grampo do revestimento capô traseiro', 20),
    (676, 'Grampo do revestimento da porta', 20),
    (677, 'Grampo do revestimento do teto', 20),
    (678, 'Grampo do revestimento lateral', 20),
    (679, 'Grampo do revestimento lateral mala', 20),
    (680, 'Grampo do spoiler lateral', 20),
    (681, 'Grampo suporte do bagagito', 20),
    (682, 'Porca da moldura do pára-lama', 20),
    (683, 'Roldana do banco', 20),
    (684, 'Suporte do quebra-sol', 20),
    (685, 'Tampa botão regulagem do banco', 20),
    (686, 'Trava maçaneta da porta', 20),
    (687, 'Algodão para polimento', 21),
    (688, 'Anti-embaçante', 21),
    (689, 'Boina para polimento', 21),
    (690, 'Caixa para ferramentas', 21),
    (691, 'Capa de carro', 21),
    (692, 'Cera', 21),
    (693, 'Cristalizador de vidros', 21),
    (694, 'Desodorante', 21),
    (695, 'Disco de borracha', 21),
    (696, 'Elimina riscos', 21),
    (697, 'Espanador de poeira', 21),
    (698, 'Esponja', 21),
    (699, 'Estopa', 21),
    (700, 'Gel de glicerina', 21),
    (701, 'Impermeabilizador de tecidos', 21),
    (702, 'Kit cristalizador para autos', 21),
    (703, 'Kit para encerar', 21),
    (704, 'Kit para lavar carro', 21),
    (705, 'Lava auto a seco', 21),
    (706, 'Limpa couro', 21),
    (707, 'Limpa plástico', 21),
    (708, 'Limpa pneu', 21),
    (709, 'Limpa vidros', 21),
    (710, 'Limpador', 21),
    (711, 'Limpador de ar condicionado', 21),
    (712, 'Luva para lavar carro', 21),
    (713, 'Massa de polir', 21),
    (714, 'Papel para polimento', 21),
    (715, 'Pasta para lavar a mão', 21),
    (716, 'Polidor', 21),
    (717, 'Restaurador de couro', 21),
    (718, 'Silicone', 21),
    (719, 'Tapete da caçamba', 21),
    (720, 'Tapete de borracha', 21),
    (721, 'Tapete de carpete+borracha', 21),
    (722, 'Tapete do porta-malas de borracha', 21),
    (723, 'Tapete do túnel', 21),
    (724, 'Tapete tuning', 21),
    (725, 'Toalha', 21),
    (726, 'Xampu', 21),
    (727, 'Bobina de ignição', 22),
    (728, 'Cabo de vela', 22),
    (729, 'Cilindro da chave do contato', 22),
    (730, 'Comutador de partida', 22),
    (731, 'Platinado', 22),
    (732, 'Regulador de voltagem', 22),
    (733, 'Regulador elétrico multi fução', 22),
    (734, 'Rotor do distribuidor', 22),
    (735, 'Tampa do distribuidor', 22),
    (736, 'Vela de ignição', 22),
    (737, 'Adaptador de lâmpada', 23),
    (738, 'Adesivo com leds', 23),
    (739, 'Aplique aro do farol de milha', 23),
    (740, 'Aro da lanterna traseira', 23),
    (741, 'Bloco ótico do farol de milha', 23),
    (742, 'Brake-light', 23),
    (743, 'Bucha do farol', 23),
    (744, 'Caixa organizadora', 23),
    (745, 'Caixa para ferramentas', 23),
    (746, 'Carcaça da lanterna traseira', 23),
    (747, 'Carcaça de aço da lanterna', 23),
    (748, 'Carcaça do farol', 23),
    (749, 'Defletor do pára-choque', 23),
    (750, 'Extensão da lanterna traseira', 23),
    (751, 'Farol', 23),
    (752, 'Farol de milha', 23),
    (753, 'Farol de socorro', 23),
    (754, 'Farol tuning', 23),
    (755, 'Giroflex 12v com ima', 23),
    (756, 'Grampo da lanterna dianteira', 23),
    (757, 'Grampo do aro do farol', 23),
    (758, 'Grampo do farol', 23),
    (759, 'Interruptor do farol', 23),
    (760, 'Interruptor do farol de milha', 23),
    (761, 'Interruptor liga/desliga', 23),
    (762, 'Kit da lâmpada do farol', 23),
    (763, 'Kit de farol de milha', 23),
    (764, 'Lâmpada', 23),
    (765, 'Lâmpada do farol', 23),
    (766, 'Lanterna adaptação', 23),
    (767, 'Lanterna auxiliar', 23),
    (768, 'Lanterna da placa', 23),
    (769, 'Lanterna de teto', 23),
    (770, 'Lanterna dianteira', 23),
    (771, 'Lanterna dianteira tuning', 23),
    (772, 'Lanterna do para-choque', 23),
    (773, 'Lanterna do pára-lama', 23),
    (774, 'Lanterna do revestimento porta', 23),
    (775, 'Lanterna para socorro', 23),
    (776, 'Lanterna traseira', 23),
    (777, 'Lanterna traseira tuning', 23),
    (778, 'Lente da lanterna dianteira', 23),
    (779, 'Lente da lanterna do teto', 23),
    (780, 'Lente da lanterna traseira', 23),
    (781, 'Lente do farol', 23),
    (782, 'Lente do farol de milha', 23),
    (783, 'Lente lanterna da placa', 23),
    (784, 'Lente lanterna do para-choque', 23),
    (785, 'Luminoso Táxi', 23),
    (786, 'Moldura da lanterna dianteira', 23),
    (787, 'Moldura do farol', 23),
    (788, 'Sealed bean', 23),
    (789, 'Soquete da lâmpada do painel', 23),
    (790, 'Soquete da lanterna de placa', 23),
    (791, 'Soquete da lanterna dianteira', 23),
    (792, 'Soquete da lanterna do farol', 23),
    (793, 'Soquete da lanterna traseira', 23),
    (794, 'Soquete do capô', 23),
    (795, 'Soquete do farol', 23),
    (796, 'Spot mini', 23),
    (797, 'Adesivo refletor', 24),
    (798, 'Alarme para automóveis', 24),
    (799, 'Assento cadeirinha automotiva', 24),
    (800, 'Bateria', 24),
    (801, 'Bloqueador automatico', 24),
    (802, 'Botão chave do alarme', 24),
    (803, 'Brake-light', 24),
    (804, 'Cabo da fechadura', 24),
    (805, 'Cadeirinha automotiva', 24),
    (806, 'Centralina', 24),
    (807, 'Cilindro da chave da porta', 24),
    (808, 'Cilindro da chave do contato', 24),
    (809, 'Cinta para rack', 24),
    (810, 'Cinto de segurança', 24),
    (811, 'Controle para alarme', 24),
    (812, 'Elástico do bagageiro', 24),
    (813, 'Extintor de incêndio', 24),
    (814, 'Fechadura da porta', 24),
    (815, 'Fechadura do capô traseiro', 24),
    (816, 'Fivela do cinto segurança retrátil', 24),
    (817, 'Gancho da caçamba', 24),
    (818, 'Kit para fixação da viseira', 24),
    (819, 'Maçaneta da tampa da caçamba', 24),
    (820, 'Maçaneta da tampa traseira', 24),
    (821, 'Maçaneta externa da porta', 24),
    (822, 'Módulo para trava elétrica', 24),
    (823, 'Parafuso do cinto de segurança', 24),
    (824, 'Protetor do cinto de segurança', 24),
    (825, 'Sirene para alarme', 24),
    (826, 'Suporte da trava elétrica', 24),
    (827, 'Suporte do extintor', 24),
    (828, 'Tranca do capô dianteiro', 24),
    (829, 'Trava de segurança', 24),
    (830, 'Trava do cinto de segurança', 24),
    (831, 'Trava do quebra-vento', 24),
    (832, 'Trava elétrica', 24),
    (833, 'Trava pega-ladrão', 24),
    (834, 'Triângulo', 24),
    (835, 'Acabamento da saia dianteira', 25),
    (836, 'Adesivo coluna da porta', 25),
    (837, 'Anti-ruído', 25),
    (838, 'Assoalho', 25),
    (839, 'Assoalho da bateria', 25),
    (840, 'Assoalho da caçamba', 25),
    (841, 'Assoalho da mala', 25),
    (842, 'Bigode de lata', 25),
    (843, 'Braço do capô', 25),
    (844, 'Cabo da tampa traseira', 25),
    (845, 'Cabo de abertura do capô', 25),
    (846, 'Caixa externa', 25),
    (847, 'Caixa interna', 25),
    (848, 'Capa protetora', 25),
    (849, 'Capô dianteiro', 25),
    (850, 'Capô traseiro', 25),
    (851, 'Carcaça da lanterna traseira', 25),
    (852, 'Carcaça de aço da lanterna', 25),
    (853, 'Chapa de aço para remendo', 25),
    (854, 'Chapinha do pára-lama', 25),
    (855, 'Churrasqueira', 25),
    (856, 'Folha de porta', 25),
    (857, 'Gancho da caçamba', 25),
    (858, 'Grade da coluna da porta', 25),
    (859, 'Lateral traseira', 25),
    (860, 'Painel dianteiro', 25),
    (861, 'Painel traseiro', 25),
    (862, 'Para-barro do para-lama dianteiro', 25),
    (863, 'Para-lama dianteiro', 25),
    (864, 'Pino da dobradiça da porta', 25),
    (865, 'Porta', 25),
    (866, 'Protetor de cárter', 25),
    (867, 'Quadro do farol', 25),
    (868, 'Remendo da caixa de estepe', 25),
    (869, 'Remendo de porta', 25),
    (870, 'Remendo do assoalho', 25),
    (871, 'Remendo lateral', 25),
    (872, 'Remendo painel traseiro', 25),
    (873, 'Saia dianteira', 25),
    (874, 'Saia traseira', 25),
    (875, 'Soleira', 25),
    (876, 'Tampa da caçamba', 25),
    (877, 'Tampa do porta-malas', 25),
    (878, 'Tanque de combustível', 25),
    (879, 'Travessa do painel dianteiro', 25),
    (880, 'Travessa do radiador', 25),
    (881, 'Vareta do capô', 25),
    (882, 'Adaptador da máquina de vidro', 26),
    (883, 'Alça do teto', 26),
    (884, 'Anel da maçaneta de vidro', 26),
    (885, 'Anel da maçaneta do capô traseiro', 26),
    (886, 'Batente da fechadura capô traseiro', 26),
    (887, 'Batente da fechadura da porta', 26),
    (888, 'Batente do porta-luvas', 26),
    (889, 'Botão da maçaneta', 26),
    (890, 'Botão do porta-luvas', 26),
    (891, 'Braço do capô', 26),
    (892, 'Bucha da máquina de vidro', 26),
    (893, 'Cabo da fechadura', 26),
    (894, 'Cabo da tampa traseira', 26),
    (895, 'Calço da maçaneta externa', 26),
    (896, 'Capa da maçaneta', 26),
    (897, 'Capa de acionamento da chave', 26),
    (898, 'Chave saca pino de porta', 26),
    (899, 'Cilindro da chave da porta', 26),
    (900, 'Cilindro da chave do contato', 26),
    (901, 'Cilindro do capô traseiro', 26),
    (902, 'Comando da maçaneta da porta', 26),
    (903, 'Dobradiça do quebra-vento', 26),
    (904, 'Fechadura da porta', 26),
    (905, 'Fechadura do capô traseiro', 26),
    (906, 'Fixador janela lateral móvel', 26),
    (907, 'Gatilho da maçaneta interna', 26),
    (908, 'Grampo da maçaneta', 26),
    (909, 'Kit vidro elétrico', 26),
    (910, 'Limitador de porta', 26),
    (911, 'Maçaneta da tampa da caçamba', 26),
    (912, 'Maçaneta da tampa traseira', 26),
    (913, 'Maçaneta do vidro', 26),
    (914, 'Maçaneta externa da porta', 26),
    (915, 'Maçaneta interna da porta', 26),
    (916, 'Máquina de vidro', 26),
    (917, 'Módulo do vidro elétrico', 26),
    (918, 'Mola do capô traseiro', 26),
    (919, 'Moldura da maçaneta da caçamba', 26),
    (920, 'Moldura da maçaneta interna', 26),
    (921, 'Motor da máquina de vidro', 26),
    (922, 'Pino da dobradiça da porta', 26),
    (923, 'Pino da trava da porta', 26),
    (924, 'Puxador do capô', 26),
    (925, 'Saca pino da porta', 26),
    (926, 'Suporte do vidro da porta', 26),
    (927, 'Suporte para encaixe da chave', 26),
    (928, 'Tampa do reservatório do radiador', 26),
    (929, 'Tranca do capô dianteiro', 26),
    (930, 'Trava do quebra-vento', 26),
    (931, 'Trava pega-ladrão', 26),
    (932, 'Trilho da máquina de vidro', 26),
    (933, 'Aditivo do óleo do motor', 27),
    (934, 'Aditivo para radiador', 27),
    (935, 'Anti-ruído do capô', 27),
    (936, 'Atuador de marcha lenta', 27),
    (937, 'Balancim', 27),
    (938, 'Bóia do tanque de combustível', 27),
    (939, 'Bomba dÂ´água', 27),
    (940, 'Bomba de óleo', 27),
    (941, 'Bomba reservatório água/gasolina', 27),
    (942, 'Braço do capô', 27),
    (943, 'Bronzina da biela', 27),
    (944, 'Bronzina de mancal', 27),
    (945, 'Bucha da bandeja', 27),
    (946, 'Cabo de vela', 27),
    (947, 'Cabo do acelerador', 27),
    (948, 'Capa ventilação do capô', 27),
    (949, 'Cebolão do radiador', 27),
    (950, 'Chave de vela', 27),
    (951, 'Cilindro mestre do freio', 27),
    (952, 'Coroa pinhão', 27),
    (953, 'Correia com perfil em V', 27),
    (954, 'Correia com perfil Poly-V', 27),
    (955, 'Correia para comando de válvulas', 27),
    (956, 'Coxim do radiador', 27),
    (957, 'Cruzeta', 27),
    (958, 'Filtro da cabine', 27),
    (959, 'Filtro de ar do motor', 27),
    (960, 'Filtro de combustível', 27),
    (961, 'Filtro de óleo', 27),
    (962, 'Graxa', 27),
    (963, 'Jogo de anéis', 27),
    (964, 'Junta de carter', 27),
    (965, 'Junta tampa de válvulas', 27),
    (966, 'Kit eixo comando de válvulas', 27),
    (967, 'Kit junta do motor', 27),
    (968, 'Kit motor', 27),
    (969, 'Kit relação', 27),
    (970, 'Lanterna para socorro', 27),
    (971, 'Limpa carter', 27),
    (972, 'Mangueira de combustível', 27),
    (973, 'Mangueira do filtro de ar', 27),
    (974, 'Óleo da direção hidráulica', 27),
    (975, 'Óleo do câmbio', 27),
    (976, 'Óleo do freio', 27),
    (977, 'Óleo do motor', 27),
    (978, 'Pistão com anel', 27),
    (979, 'Platinado', 27),
    (980, 'Protetor de cárter', 27),
    (981, 'Radiador do motor', 27),
    (982, 'Refil bomba de combustível', 27),
    (983, 'Regulador de voltagem', 27),
    (984, 'Regulador elétrico multi fução', 27),
    (985, 'Reserv. de água do radiador', 27),
    (986, 'Reservatório de água do para-brisa', 27),
    (987, 'Reservatório de direção hidráulica', 27),
    (988, 'Reservatório de partida fria', 27),
    (989, 'Reservatório do óleo de freio', 27),
    (990, 'Retentor caixa de mudança', 27),
    (991, 'Retentor dianteiro virabrequim', 27),
    (992, 'Retentor traseiro virabrequim', 27),
    (993, 'Rolamento apoio da correia', 27),
    (994, 'Rolamento diferencial', 27),
    (995, 'Rolamento do alternador', 27),
    (996, 'Rolamento lateral da coroa', 27),
    (997, 'Rolamento tensor da correia', 27),
    (998, 'Rotor do distribuidor', 27),
    (999, 'Sensor de pressão', 27),
    (1000, 'Sensor de rotação', 27),
    (1001, 'Sensor lambda', 27),
    (1002, 'Tampa do distribuidor', 27),
    (1003, 'Tampa do óleo do motor', 27),
    (1004, 'Tampa do reservatório do radiador', 27),
    (1005, 'Tampa reservatório água para-brisa', 27),
    (1006, 'Tensor da correia', 27),
    (1007, 'Tubo do escape', 27),
    (1008, 'Tucho hidraúlic', 27),
    (1009, 'Vareta do capô', 27),
    (1010, 'Vela de ignição', 27),
    (1011, 'Acendedor de cigarros', 28),
    (1012, 'Alavanca da chave de seta', 28),
    (1013, 'Batente do porta-luvas', 28),
    (1014, 'Botão do afogador', 28),
    (1015, 'Botão do ar', 28),
    (1016, 'Botão do ar condicionado', 28),
    (1017, 'Botão do interruptor do farol', 28),
    (1018, 'Botão do interruptor espelho', 28),
    (1019, 'Botão do porta-luvas', 28),
    (1020, 'Bucha de adaptação p/ volante', 28),
    (1021, 'Caixa do porta-luvas', 28),
    (1022, 'Central multimídia', 28),
    (1023, 'Chave de seta', 28),
    (1024, 'Cubo para volante', 28),
    (1025, 'Dobradiça tampa do porta luvas', 28),
    (1026, 'Entrada de ar do painel', 28),
    (1027, 'GPS (navegador)', 28),
    (1028, 'Interruptor de emergência', 28),
    (1029, 'Interruptor do desembaçador', 28),
    (1030, 'Interruptor do farol', 28),
    (1031, 'Interruptor do farol de milha', 28),
    (1032, 'Interruptor liga/desliga', 28),
    (1033, 'Moldura de central multimídia', 28),
    (1034, 'Moldura do painel do rádio', 28),
    (1035, 'Painel de instrumento', 28),
    (1036, 'Porta celular', 28),
    (1037, 'Suporte para GPS (navegador)', 28),
    (1038, 'Tampa buraco do rádio', 28),
    (1039, 'Tampa da caixa de fusíveis', 28),
    (1040, 'Tampa do porta-luvas', 28),
    (1041, 'Trava anti-furto para volante', 28),
    (1042, 'Volante', 28),
    (1043, 'Acabamento da saia dianteira', 29),
    (1044, 'Alma de aço para-choque dianteiro', 29),
    (1045, 'Alma de aço para-choque tras.', 29),
    (1046, 'Alma do para-choque dianteiro', 29),
    (1047, 'Almofada do para-choque', 29),
    (1048, 'Aplique aro do farol de milha', 29),
    (1049, 'Aplique da grade do para-choque', 29),
    (1050, 'Aplique do para-choque', 29),
    (1051, 'Bloco ótico do farol de milha', 29),
    (1052, 'Borracha do para-choque', 29),
    (1053, 'Capa protetora', 29),
    (1054, 'Defletor do pára-choque', 29),
    (1055, 'Farol de milha', 29),
    (1056, 'Friso do para-choque', 29),
    (1057, 'Grade dianteira', 29),
    (1058, 'Grade do para-choque', 29),
    (1059, 'Grampo da borracha para-choque', 29),
    (1060, 'Grampo do para-choque', 29),
    (1061, 'Kit de farol de milha', 29),
    (1062, 'Lanterna da placa', 29),
    (1063, 'Lanterna do para-choque', 29),
    (1064, 'Lente do farol de milha', 29),
    (1065, 'Moldura do farol de milha', 29),
    (1066, 'Pára-choque dianteiro', 29),
    (1067, 'Pára-choque traseiro', 29),
    (1068, 'Ponteira do para-choque dianteira', 29),
    (1069, 'Ponteira do para-choque traseira', 29),
    (1070, 'Protetor do pára-choque', 29),
    (1071, 'Sensor de estacionamento', 29),
    (1072, 'Spoiler dianteiro', 29),
    (1073, 'Spoiler lateral', 29),
    (1074, 'Spoiler traseiro', 29),
    (1075, 'Suporte da ponta do para-choque', 29),
    (1076, 'Suporte do pára-choque', 29),
    (1077, 'Tampa do farol de milha', 29),
    (1078, 'Tampa do reboque', 29),
    (1079, 'Arruela', 30),
    (1080, 'Arruela de pressão', 30),
    (1081, 'Arruela para calota', 30),
    (1082, 'Caixa organizadora', 30),
    (1083, 'Caixa para ferramentas', 30),
    (1084, 'Calço de borracha com rosca do capô', 30),
    (1085, 'Capa de parafuso', 30),
    (1086, 'Capa parafuso da roda', 30),
    (1087, 'Chapinha', 30),
    (1088, 'Chapinha da moldura do pára-lama', 30),
    (1089, 'Chapinha do pára-lama', 30),
    (1090, 'Grampo do friso do estribo', 30),
    (1091, 'Parafuso da roda', 30),
    (1092, 'Parafuso do cinto de segurança', 30),
    (1093, 'Pneu', 30),
    (1094, 'Porca da moldura do pára-lama', 30),
    (1095, 'Porca da roda', 30),
    (1096, 'Porca do estepe', 30),
    (1097, 'Rebite', 30),
    (1098, 'Aspirador de pó', 31),
    (1099, 'Bomba para calibrar pneus', 31),
    (1100, 'Cilindro da roda', 31),
    (1101, 'Compressor/Aspirador de ar', 31),
    (1102, 'Cubo de roda', 31),
    (1103, 'Difusor de roda', 31),
    (1104, 'Faixa branca do pneu', 31),
    (1105, 'Kit anti-furto p/ calota centro da roda', 31),
    (1106, 'Kit rolamento da roda traseira', 31),
    (1107, 'Kit rolamento roda dianteira', 31),
    (1108, 'Pneu', 31),
    (1109, 'Porca do estepe', 31),
    (1110, 'Reservatório de direção hidráulica', 31),
    (1111, 'Rolamento da roda', 31),
    (1112, 'Tapa furo do pneu', 31),
    (1113, 'Algodão para polimento', 32),
    (1114, 'Arame de solda', 32),
    (1115, 'Boina para polimento', 32),
    (1116, 'Brilho final', 32),
    (1117, 'Broca aço rápido', 32),
    (1118, 'Celuloide para aplicar massa', 32),
    (1119, 'Chapa de aço para remendo', 32),
    (1120, 'Componente B (catalizador)', 32),
    (1121, 'Disco de borracha', 32),
    (1122, 'Graxa', 32),
    (1123, 'Lixa', 32),
    (1124, 'Macarrão para acabamento', 32),
    (1125, 'Maquina para massa de mastic', 32),
    (1126, 'Massa anti-ruído', 32),
    (1127, 'Massa de calafetar', 32),
    (1128, 'Massa de polir', 32),
    (1129, 'Massa KPO', 32),
    (1130, 'Massa plástica', 32),
    (1131, 'Massa poliester', 32),
    (1132, 'Massa primer rápido', 32),
    (1133, 'Massa Rápida', 32),
    (1134, 'Massa resistente Ã batida de pedra', 32),
    (1135, 'Óculos', 32),
    (1136, 'Polidor', 32),
    (1137, 'Remendo de porta', 32),
    (1138, 'Remendo do assoalho', 32),
    (1139, 'Acabamento externo retrovisor', 33),
    (1140, 'Aplique capa do retrovisor', 33),
    (1141, 'Base da lente do retrovisor', 33),
    (1142, 'Braço do retrovisor', 33),
    (1143, 'Capa do retrovisor', 33),
    (1144, 'Espelho olho de boi', 33),
    (1145, 'Interruptor do retrovisor', 33),
    (1146, 'Lente do retrovisor com base', 33),
    (1147, 'Lente do retrovisor sem base', 33),
    (1148, 'Retrovisor externo', 33),
    (1149, 'Retrovisor interno', 33),
    (1150, 'Acabamento da coluna interna', 34),
    (1151, 'Bolsa da porta', 34),
    (1152, 'Capa para banco', 34),
    (1153, 'Capa parafuso Revestimento', 34),
    (1154, 'Corda do tampão do porta-malas', 34),
    (1155, 'Feltro', 34),
    (1156, 'Forração do teto (tapeçaria)', 34),
    (1157, 'Grampo do revestimento capô dianteiro', 34),
    (1158, 'Grampo do revestimento da porta', 34),
    (1159, 'Grampo do revestimento lateral', 34),
    (1160, 'Papelão do bagagito', 34),
    (1161, 'Papelão do porta-malas', 34),
    (1162, 'Quebra-sol', 34),
    (1163, 'Revestimento de porta', 34),
    (1164, 'Revestimento lateral traseiro', 34),
    (1165, 'Suporte do quebra-sol', 34),
    (1166, 'Suporte tampão do porta-malas', 34),
    (1167, 'Tampão do porta-malas', 34),
    (1168, 'Adaptador de alto-falante', 35),
    (1169, 'Alto-falante', 35),
    (1170, 'Amplificador de potência', 35),
    (1171, 'Antena', 35),
    (1172, 'Antena do teto', 35),
    (1173, 'Auto rádio', 35),
    (1174, 'Auto rádio mp3 player', 35),
    (1175, 'Buzina', 35),
    (1176, 'Cabo', 35),
    (1177, 'Caixa acústica', 35),
    (1178, 'Caixa de som', 35),
    (1179, 'Câmera de marcha ré', 35),
    (1180, 'CD player', 35),
    (1181, 'Central multimídia', 35),
    (1182, 'Conector adaptador para radio', 35),
    (1183, 'Conversor de impedância', 35),
    (1184, 'Corneta', 35),
    (1185, 'Corneta para alto-falante', 35),
    (1186, 'DVD player', 35),
    (1187, 'Encosto de cabeça com tela LCD', 35),
    (1188, 'GPS (navegador)', 35),
    (1189, 'Haste da antena do teto', 35),
    (1190, 'Kit alto-falante', 35),
    (1191, 'Moldura de central multimídia', 35),
    (1192, 'Monitor com tela de LCD', 35),
    (1193, 'Pistola para cola de silicone', 35),
    (1194, 'Porta CD', 35),
    (1195, 'Pré-amplificador', 35),
    (1196, 'Receptor automotivo para TV', 35),
    (1197, 'Rele de buzina', 35),
    (1198, 'Subwoofer', 35),
    (1199, 'Tela do alto-falante', 35),
    (1200, 'Terminal adaptador de antena', 35),
    (1201, 'Tweeter do alto-falante', 35),
    (1202, 'Woofer', 35),
    (1203, 'Amortecedor da direção', 36),
    (1204, 'Amortecedor dianteiro', 36),
    (1205, 'Amortecedor traseiro', 36),
    (1206, 'Bandeja da suspensão', 36),
    (1207, 'Braço auxiliar da direção', 36),
    (1208, 'Bucha da bandeja', 36),
    (1209, 'Caixa satélite', 36),
    (1210, 'Cruzeta', 36),
    (1211, 'Graxa', 36),
    (1212, 'Junta homocinética', 36),
    (1213, 'Kit do amortecedor dianteiro', 36),
    (1214, 'Kit do amortecedor traseiro', 36),
    (1215, 'Mola de suspensão', 36),
    (1216, 'Pivô da suspensão', 36),
    (1217, 'Reservatório de direção hidráulica', 36),
    (1218, 'Suporte barra tensor', 36),
    (1219, 'Terminal de direção', 36),
    (1220, 'Aplique do tapete', 37),
    (1221, 'Feltro', 37),
    (1222, 'Pedaleira', 37),
    (1223, 'Tapete da caçamba', 37),
    (1224, 'Tapete de borracha', 37),
    (1225, 'Tapete de carpete+borracha', 37),
    (1226, 'Tapete do porta-malas', 37),
    (1227, 'Tapete do porta-malas de borracha', 37),
    (1228, 'Tapete do túnel', 37),
    (1229, 'Tapete tuning', 37),
    (1230, 'Acabamento externo do para-brisa', 38),
    (1231, 'Acabamento interno vidro traseiro', 38),
    (1232, 'Adaptador da máquina de vidro', 38),
    (1233, 'Anel da maçaneta de vidro', 38),
    (1234, 'Anti-embaçante', 38),
    (1235, 'Aro do quebra vento', 38),
    (1236, 'Barra do limpador do para-brisa', 38),
    (1237, 'Bomba reservatório água/gasolina', 38),
    (1238, 'Borracha crua', 38),
    (1239, 'Borracha da janela lateral traseira', 38),
    (1240, 'Borracha do para-brisa', 38),
    (1241, 'Borracha do quebra-vento', 38),
    (1242, 'Borracha do vidro traseiro', 38),
    (1243, 'Borracha entre os vidros laterais', 38),
    (1244, 'Borracha superior da porta', 38),
    (1245, 'Bucha da máquina de vidro', 38),
    (1246, 'Canaleta', 38),
    (1247, 'Capa da haste do limpador', 38),
    (1248, 'Chave do limpador do vidro', 38),
    (1249, 'Cola de para-brisa', 38),
    (1250, 'Cristalizador de vidros', 38),
    (1251, 'Distribuidor T', 38),
    (1252, 'Dobradiça do quebra-vento', 38),
    (1253, 'Eixo do limpador de para-brisa', 38),
    (1254, 'Esguicho de água do para-brisa', 38),
    (1255, 'Esguicho de água do vidro traseiro', 38),
    (1256, 'Fixador janela lateral móvel', 38),
    (1257, 'Haste do limpador', 38),
    (1258, 'Interruptor do vidro', 38),
    (1259, 'Kit de fixação da janela movel', 38),
    (1260, 'Kit eixo limpador para-brisa', 38),
    (1261, 'Kit vidro elétrico', 38),
    (1262, 'Lente da lanterna dianteira', 38),
    (1263, 'Lente da lanterna traseira', 38),
    (1264, 'Lente do farol', 38),
    (1265, 'Lente do farol de milha', 38),
    (1266, 'Lente lanterna da placa', 38),
    (1267, 'Lente lanterna do para-choque', 38),
    (1268, 'Limpa vidros', 38),
    (1269, 'Limpador do para-brisa', 38),
    (1270, 'Limpador do vidro traseiro', 38),
    (1271, 'Limpador do vigia com haste', 38),
    (1272, 'Maçaneta do vidro', 38),
    (1273, 'Mangueira esguicho para-brisa', 38),
    (1274, 'Máquina de vidro', 38),
    (1275, 'Motor da máquina de vidro', 38),
    (1276, 'Para-sol do para-brisa', 38),
    (1277, 'Para-sol lateral', 38),
    (1278, 'Pestana externa', 38),
    (1279, 'Pestana interna', 38),
    (1280, 'Refil do limpador', 38),
    (1281, 'Reservatório de água do para-brisa', 38),
    (1282, 'Suporte do vidro da porta', 38),
    (1283, 'Tampa reservatório água para-brisa', 38),
    (1284, 'Trilho da máquina de vidro', 38);
*/

INSERT INTO tb_peca
    (cd_peca, nm_peca)
VALUES
(1,'Alinhamento dos pneus'),
(2,'Correia do alternador'),
(3,'Correia do compressor do ar-condicionado'),
(4,'Correia dentada'),
(5,"Correia poly-v (bomba d'água)"),
(6,'Filtro de ar'),
(7,'Filtro de cabine (antipólen)'),
(8,'Filtro de combustível'),
(9,'Filtro de óleo'),
(10,'Fluido das transmissões'),
(11,'Fluido de freio (óleo do freio)'),
(12,'Limpeza do ar condicionado'),
(13,'Limpeza do sistema de arrefecimento'),
(14,'Líquido de arrefecimento'),
(15,'Óleo lubrificante'),
(16,'Pneus'),
(17,'Velas');


INSERT INTO tb_medida_peca (cd_peca, qt_medida, sg_medida) VALUES 
(1,10000,'Km'),
(1,20000,'Km'),
(2,40000,'Km'),
(2,60000,'Km'),
(2,100000,'Km'),
(3,40000,'Km'),
(3,60000,'Km'),
(3,100000,'Km'),
(4,40000,'Km'),
(4,60000,'Km'),
(4,100000,'Km'),
(5,40000,'Km'),
(5,60000,'Km'),
(5,100000,'Km'),
(6,5000,'Km'),
(6,15000,'Km'),
(7,365,'T'),
(8,20000,'Km'),
(9,5000,'Km'),
(9,15000,'Km'),
(10,730,'T'),
(10,1460,'T'),
(10,60000,'Km'),
(10,100000,'Km'),
(11,182.5,'T'),
(11,365,'T'),
(12,365,'T'),
(13,730,'T'),
(14,730,'T'),
(15,5000,'Km'),
(15,15000,'Km'),
(16,1825,'T'),
(17,15000,'Km'),
(17,100000,'Km');

INSERT INTO tb_modelo
    (cd_modelo,cd_marca,nm_modelo)
VALUES
    (1, 1, 'A-10'),
    (2, 1, 'A-20'),
    (3, 1, 'AGILE'),
    (4, 1, 'ASTRA'),
    (5, 1, 'BLAZER'),
    (6, 1, 'BONANZA'),
    (7, 1, 'C-10'),
    (8, 1, 'C-20'),
    (9, 1, 'CALIBRA'),
    (10, 1, 'CAMARO'),
    (11, 1, 'CAPRICE'),
    (12, 1, 'CAPTIVA'),
    (13, 1, 'CARAVAN'),
    (14, 1, 'CAVALIER'),
    (15, 1, 'CELTA'),
    (16, 1, 'CHEVY'),
    (17, 1, 'CHEYNNE'),
    (18, 1, 'COBALT'),
    (19, 1, 'CORSA'),
    (20, 1, 'CORVETTE'),
    (21, 1, 'CRUZE'),
    (22, 1, 'D-10'),
    (23, 1, 'D-20'),
    (24, 1, 'IPANEMA'),
    (25, 1, 'KADETT'),
    (26, 1, 'LUMINA'),
    (27, 1, 'MALIBU'),
    (28, 1, 'MERIVA'),
    (29, 1, 'MONTANA'),
    (30, 1, 'OMEGA'),
    (31, 1, 'OPALA'),
    (32, 1, 'PRISMA'),
    (33, 1, 'S10'),
    (34, 1, 'SILVERADO'),
    (35, 1, 'SONIC'),
    (36, 1, 'SONOMA'),
    (37, 1, 'SPACEVAN'),
    (38, 1, 'SS10'),
    (39, 1, 'SUBURBAN'),
    (40, 1, 'SYCLONE'),
    (41, 1, 'TIGRA'),
    (42, 1, 'TRACKER'),
    (43, 1, 'TRAFIC'),
    (44, 1, 'VECTRA'),
    (45, 1, 'VERANEIO'),
    (46, 1, 'ZAFIRA'),
    (47, 1, 'BEL AIR'),
    (48, 1, 'C-14'),
    (49, 1, 'C-15'),
    (50, 1, 'BRASIL'),
    (51, 1, 'ONIX'),
    (52, 1, 'SPIN'),
    (53, 1, 'TRAILBLAZER'),
    (54, 1, 'CLUB COUPE'),
    (55, 1, 'GMC 100'),
    (56, 1, 'STYLELINE'),
    (57, 1, 'YUKON'),
    (58, 1, 'SSR'),
    (59, 1, 'IMPALA'),
    (60, 1, 'GRAND BLAZER'),
    (61, 1, 'ASTRO'),
    (62, 1, 'MONZA'),
    (63, 1, 'CHEVETTE'),
    (64, 1, 'TRAX'),
    (65, 1, 'CORISCO'),
    (66, 1, 'CHEVELLE'),
    (67, 1, 'VENTURE'),
    (68, 1, 'FLEETLINE'),
    (69, 1, 'FLEETMASTER'),
    (70, 1, 'DELUXE'),
    (71, 1, 'MASTER'),
    (72, 1, 'CLASSIC'),
    (73, 1, 'MARAJO'),
    (74, 1, 'SUPREMA');
    
 
INSERT INTO tb_veiculo(cd_veiculo,nm_cor,cd_placa,cd_usuario,cd_modelo, aa_veiculo, qt_quilometragem) VALUES 
(1,'Prata','JQK-4077',1,32,2015,'20469'),
(2,'Laranja','MUK-2453',1,32,2016,'1069'),
(3,'Azul','MQC-0017',1,19,2014,'34269'),
(4,'Vermelho','KCO-8657',1,51,2010,'8372'),
(5,'Bege','NEW-4195',1,19,2018,'12324'),
(6,'Preto','HFG-8310',2,32,2019,'32421'),
(7,'Preto','JUA-9957',2,51,2015,'34523'),
(8,'Marrom','NEJ-0392',3,19,2016,'73281'),
(9,'Bege','JLK-5134',3,19,2015,'31094'),
(10,'Prata','EIN-0346',3,32,2014,'23413'),
(11,'Laranja','NAJ-0209',3,32,2013,'84763'),
(12,'Azul','LJD-0436',3,51,2017,'82736'),
(13,'Vermelho','HPS-9333',3,32,2015,'25361'),
(14,'Bege','JDK-5971',3,32,2016,'17362'),
(15,'Preto','HSO-8665',4,32,2017,'3857'),
(16,'Preto','NAX-5186',4,19,2016,'8375'),
(17,'Marrom','MUW-6297',4,51,2015,'9384'),
(18,'Bege','KHW-9959',4,32,2014,'7362'),
(19,'Prata','HSI-0525',4,19,2016,'7462'),
(20,'Laranja','AWN-1889',4,51,2015,'7163'),
(21,'Azul','LUS-8330',5,19,2018,'2847'),
(22,'Vermelho','KFT-8068',5,32,2018,'8737'),
(23,'Bege','KAT-4854',6,32,2012,'1984'),
(24,'Preto','MUY-0427',6,32,2013,'1934'),
(25,'Preto','CUO-3818',7,51,2016,'8473'),
(26,'Marrom','KGU-5899',7,32,2013,'8739'),
(27,'Bege','LVF-6705',7,32,2018,'18374'),
(28,'Prata','IOM-6357',7,19,2012,'29471'),
(29,'Laranja','MQH-2865',7,32,2013,'9862'),
(30,'Azul','NAO-6775',7,32,2015,'8736'),
(31,'Vermelho','HRN-3811',7,19,2014,'10873'),
(32,'Bege','HJO-4304',7,32,2017,'9382'),
(33,'Preto','NDJ-3337',7,51,2018,'9323'),
(34,'Preto','KAX-1022',7,19,2014,'2345'),
(35,'Marrom','MSG-4830',8,32,2014,'4545'),
(36,'Bege','HCW-1814',8,19,2015,'9742'),
(37,'Prata','KBA-0718',8,1,2015,'3456'),
(38,'Laranja','MVF-3710',9,51,2016,'7584'),
(39,'Azul','JYP-3973',9,19,2013,'4545'),
(40,'Vermelho','GRW-8765',9,32,2012,'24312'),
(41,'Bege','KUD-1415',9,32,2013,'83725'),
(42,'Preto','JSE-7566',10,32,2014,'8742'),
(43,'Preto','MXG-0008',10,32,2015,'4545'),
(44,'Marrom','JTN-0698',11,32,2016,'7236'),
(45,'Bege','HVE-2569',11,19,2017,'10832'),
(46,'Prata','NDB-8384',11,32,2018,'8473'),
(47,'Laranja','JTZ-4469',11,32,2013,'4545'),
(48,'Azul','MND-1252',11,51,2015,'98473'),
(49,'Vermelho','MXU-7677',11,19,2017,'83742'),
(50,'Bege','JWA-9745',12,32,2015,'74732'),
(51,'Preto','IJF-1562',12,32,2013,'8473'),
(52,'Preto','MZR-4727',12,51,2015,'83742'),
(53,'Marrom','NES-3425',13,19,2016,'7361'),
(54,'Bege','HZM-7619',13,32,2014,'8732'),
(55,'Prata','JMR-3804',14,32,2016,'73621'),
(56,'Laranja','MWJ-5974',14,51,2013,'2736'),
(57,'Azul','FDF-2275',14,32,2015,'8374'),
(58,'Vermelho','KAR-1648',15,32,2014,'7462'),
(59,'Bege','IBL-2443',15,19,2015,'8732'),
(60,'Preto','MUO-4892',15,32,2016,'18324'),
(61,'Preto','HZP-0809',16,51,2014,'38271'),
(62,'Marrom','HVV-3178',17,19,2017,'8736'),
(63,'Bege','JUX-6716',18,32,2014,'18273'),
(64,'Prata','MPL-7915',19,51,2015,'10383'),
(65,'Laranja','MWS-4122',20,32,2013,'9374'),
(66,'Azul','MVS-1017',21,19,2012,'2847'),
(67,'Vermelho','MUT-2178',22,32,2015,'3827'),
(68,'Bege','MZR-0887',23,32,2014,'4837'),
(69,'Preto','ARD-1099',24,32,2016,'3485'),
(70,'Preto','NAD-0713',25,19,2017,'2481'),
(71,'Marrom','MVX-4474',26,51,2019,'4925'),
(72,'Bege','HOR-1547',27,19,2016,'3948'),
(73,'Prata','MXZ-9242',28,32,2017,'38572'),
(74,'Laranja','MXZ-9242',29,32,2014,'34285'),
(75,'Azul','MXZ-9242',30,51,2014, '19385');


INSERT INTO tb_logradouro (cd_logradouro, nm_logradouro, cd_usuario_juridico, cd_bairro) VALUES 
(1, 'Rua cidade de Santos', 1, 1);